fips,state_fips,name
56001,56000,Albany County
55081,55000,Monroe County
55078,55000,Menominee County
55003,55000,Ashland County
54085,54000,Ritchie County
54005,54000,Boone County
54003,54000,Berkeley County
53059,53000,Skamania County
53033,53000,King County
51177,51000,Spotsylvania County
51173,51000,Smyth County
51035,51000,Carroll County
50013,50000,Grand Isle County
48369,48000,Parmer County
48455,48000,Trinity County
47151,47000,Scott County
47093,47000,Knox County
47081,47000,Hickman County
47009,47000,Blount County
46061,46000,Hanson County
46037,46000,Day County
45067,45000,Marion County
42111,42000,Somerset County
42107,42000,Schuylkill County
41035,41000,Klamath County
40145,40000,Wagoner County
40121,40000,Pittsburg County
38043,38000,Kidder County
37191,37000,Wayne County
37081,37000,Guilford County
36053,36000,Madison County
48297,48000,Live Oak County
35029,35000,Luna County
35017,35000,Grant County
31151,31000,Saline County
30079,30000,Prairie County
30003,30000,Big Horn County
29203,29000,Shannon County
29201,29000,Scott County
51079,51000,Greene County
29033,29000,Carroll County
28151,28000,Washington County
28031,28000,Covington County
27149,27000,Stevens County
27131,27000,Rice County
27091,27000,Martin County
27065,27000,Kanabec County
26085,26000,Lake County
26037,26000,Clinton County
26015,26000,Barry County
26003,26000,Alger County
25025,25000,Suffolk County
25019,25000,Nantucket County
24001,24000,Allegany County
23021,23000,Piscataquis County
22103,22000,St. Tammany Parish
22101,22000,St. Mary Parish
22025,22000,Catahoula Parish
21081,21000,Grant County
21045,21000,Casey County
20191,20000,Sumner County
20187,20000,Stanton County
20119,20000,Meade County
48081,48000,Coke County
20089,20000,Jewell County
19105,19000,Jones County
19079,19000,Hamilton County
18151,18000,Steuben County
48373,48000,Polk County
18021,18000,Clay County
18001,18000,Adams County
17187,17000,Warren County
17141,17000,Ogle County
17099,17000,LaSalle County
17075,17000,Iroquois County
17067,17000,Hancock County
17037,17000,DeKalb County
16077,16000,Power County
16067,16000,Minidoka County
16011,16000,Bingham County
15005,15000,Kalawao County
13233,13000,Polk County
12109,12000,St. Johns County
10001,10000,Kent County
41065,41000,Wasco County
8123,8000,Weld County
51023,51000,Botetourt County
48371,48000,Pecos County
6011,6000,Colusa County
4019,4000,Pima County
2170,2000,Matanuska-Susitna Borough
1121,1000,Talladega County
1119,1000,Sumter County
1113,1000,Russell County
1101,1000,Montgomery County
1023,1000,Choctaw County
1003,1000,Baldwin County
55095,55000,Polk County
54039,54000,Kanawha County
54011,54000,Cabell County
53051,53000,Pend Oreille County
53045,53000,Mason County
49053,49000,Washington County
48459,48000,Upshur County
48317,48000,Martin County
48309,48000,McLennan County
48227,48000,Howard County
48177,48000,Gonzales County
48105,48000,Crockett County
48015,48000,Austin County
48007,48000,Aransas County
47185,47000,White County
47155,47000,Sevier County
47131,47000,Obion County
47121,47000,Meigs County
47017,47000,Carroll County
47003,47000,Bedford County
46125,46000,Turner County
46107,46000,Potter County
46073,46000,Jerauld County
41019,41000,Douglas County
40031,40000,Comanche County
40017,40000,Canadian County
39093,39000,Lorain County
39053,39000,Gallia County
39039,39000,Defiance County
39029,39000,Columbiana County
38035,38000,Grand Forks County
37139,37000,Pasquotank County
37125,37000,Moore County
35061,35000,Valencia County
31185,31000,York County
31077,31000,Greeley County
29067,29000,Douglas County
37099,37000,Jackson County
27173,27000,Yellow Medicine County
27147,27000,Steele County
26159,26000,Van Buren County
26147,26000,St. Clair County
26109,26000,Menominee County
26033,26000,Chippewa County
24023,24000,Garrett County
24009,24000,Calvert County
22081,22000,Red River Parish
22037,22000,East Feliciana Parish
22021,22000,Caldwell Parish
21211,21000,Shelby County
21191,21000,Pendleton County
21185,21000,Oldham County
21151,21000,Madison County
21069,21000,Fleming County
26081,26000,Kent County
21025,21000,Breathitt County
21019,21000,Boyd County
20015,20000,Butler County
54067,54000,Nicholas County
19165,19000,Shelby County
39071,39000,Highland County
19017,19000,Bremer County
29047,29000,Clay County
18019,18000,Clark County
37109,37000,Lincoln County
17005,17000,Bond County
13171,13000,Lamar County
13121,13000,Fulton County
13091,13000,Dodge County
13045,13000,Carroll County
13015,13000,Bartow County
12071,12000,Lee County
8091,8000,Ouray County
8043,8000,Fremont County
37199,37000,Yancey County
6109,6000,Tuolumne County
5123,5000,St. Francis County
5087,5000,Madison County
5033,5000,Crawford County
2261,2000,Valdez-Cordova Census Area
1035,1000,Conecuh County
56023,56000,Lincoln County
54051,54000,Marshall County
54013,54000,Calhoun County
48333,48000,Mills County
48285,48000,Lavaca County
48231,48000,Hunt County
48183,48000,Gregg County
48173,48000,Glasscock County
48195,48000,Hansford County
48133,48000,Eastland County
48119,48000,Delta County
48071,48000,Chambers County
47173,47000,Union County
47163,47000,Sullivan County
47057,47000,Grainger County
47001,47000,Anderson County
49039,49000,Sanpete County
45057,45000,Lancaster County
42071,42000,Lancaster County
42027,42000,Centre County
42017,42000,Bucks County
41023,41000,Grant County
40125,40000,Pottawatomie County
40117,40000,Pawnee County
40111,40000,Okmulgee County
40099,40000,Murray County
40069,40000,Johnston County
40055,40000,Greer County
39073,39000,Hocking County
39013,39000,Belmont County
39001,39000,Adams County
38033,38000,Golden Valley County
37175,37000,Transylvania County
37171,37000,Surry County
37117,37000,Martin County
37045,37000,Cleveland County
36079,36000,Putnam County
36023,36000,Cortland County
39019,39000,Carroll County
35011,35000,De Baca County
34039,34000,Union County
34019,34000,Hunterdon County
31059,31000,Fillmore County
31051,31000,Dixon County
30077,30000,Powell County
29213,29000,Taney County
29001,29000,Adair County
28089,28000,Madison County
28061,28000,Jasper County
28043,28000,Grenada County
27145,27000,Stearns County
27083,27000,Lyon County
27051,27000,Grant County
27001,27000,Aitkin County
34003,34000,Bergen County
26057,26000,Gratiot County
26047,26000,Emmet County
26045,26000,Eaton County
26027,26000,Cass County
24037,24000,St. Mary's County
24015,24000,Cecil County
23001,23000,Androscoggin County
48425,48000,Somervell County
21075,21000,Fulton County
20199,20000,Wallace County
20085,20000,Jackson County
39027,39000,Clinton County
20017,20000,Chase County
18177,18000,Wayne County
18007,18000,Benton County
17161,17000,Rock Island County
17023,17000,Clark County
16043,16000,Fremont County
16009,16000,Benewah County
13237,13000,Putnam County
37123,37000,Montgomery County
13159,13000,Jasper County
13149,13000,Heard County
13135,13000,Gwinnett County
13025,13000,Brantley County
21139,21000,Livingston County
28059,28000,Jackson County
5059,5000,Hot Spring County
5025,5000,Cleveland County
37015,37000,Bertie County
4012,4000,La Paz County
2282,2000,Yakutat City and Borough
1065,1000,Hale County
56035,56000,Sublette County
55123,55000,Vernon County
54049,54000,Marion County
53053,53000,Pierce County
53037,53000,Kittitas County
51147,51000,Prince Edward County
51073,51000,Gloucester County
51057,51000,Essex County
51051,51000,Dickenson County
51049,51000,Cumberland County
51011,51000,Appomattox County
50007,50000,Chittenden County
48457,48000,Tyler County
48407,48000,San Jacinto County
48375,48000,Potter County
48287,48000,Lee County
48279,48000,Lamb County
48243,48000,Jeff Davis County
48153,48000,Floyd County
48123,48000,DeWitt County
47019,47000,Carter County
46137,46000,Ziebach County
45043,45000,Georgetown County
45029,45000,Colleton County
45025,45000,Chesterfield County
45023,45000,Chester County
44001,44000,Bristol County
42113,42000,Sullivan County
42075,42000,Lebanon County
42031,42000,Clarion County
40037,40000,Creek County
39081,39000,Jefferson County
39047,39000,Fayette County
39045,39000,Fairfield County
38097,38000,Traill County
38009,38000,Bottineau County
37145,37000,Person County
37141,37000,Pender County
37121,37000,Mitchell County
37103,37000,Jones County
37089,37000,Henderson County
37087,37000,Haywood County
37031,37000,Carteret County
35043,35000,Sandoval County
34027,34000,Morris County
32510,32000,Carson City
31027,31000,Cedar County
30095,30000,Stillwater County
30085,30000,Roosevelt County
30063,30000,Missoula County
29217,29000,Vernon County
29151,29000,Osage County
27165,27000,Watonwan County
27099,27000,Mower County
27039,27000,Dodge County
26103,26000,Marquette County
26025,26000,Calhoun County
23027,23000,Waldo County
23005,23000,Cumberland County
22027,22000,Claiborne Parish
21239,21000,Woodford County
21227,21000,Warren County
21179,21000,Nelson County
21007,21000,Ballard County
20195,20000,Trego County
20193,20000,Thomas County
20157,20000,Republic County
20131,20000,Nemaha County
20055,20000,Finney County
19155,19000,Pottawattamie County
27097,27000,Morrison County
19089,19000,Howard County
19071,19000,Fremont County
19015,19000,Boone County
18137,18000,Ripley County
17175,17000,Stark County
17105,17000,Livingston County
17061,17000,Greene County
17059,17000,Gallatin County
17031,17000,Cook County
17029,17000,Coles County
17021,17000,Christian County
16083,16000,Twin Falls County
16063,16000,Lincoln County
16033,16000,Clark County
16061,16000,Lewis County
15001,15000,Hawaii County
13295,13000,Walker County
13211,13000,Morgan County
13207,13000,Monroe County
22073,22000,Ouachita Parish
13183,13000,Long County
32015,32000,Lander County
13143,13000,Haralson County
13107,13000,Emanuel County
48249,48000,Jim Wells County
13027,13000,Brooks County
46121,46000,Todd County
12035,12000,Flagler County
40039,40000,Custer County
31119,31000,Madison County
48377,48000,Presidio County
6039,6000,Madera County
6021,6000,Glenn County
36093,36000,Schenectady County
5075,5000,Lawrence County
5051,5000,Garland County
48215,48000,Hidalgo County
1085,1000,Lowndes County
1063,1000,Greene County
56017,56000,Hot Springs County
55105,55000,Rock County
55073,55000,Marathon County
54019,54000,Fayette County
51097,51000,King and Queen County
48507,48000,Zavala County
48475,48000,Ward County
48437,48000,Swisher County
48411,48000,San Saba County
48409,48000,San Patricio County
48379,48000,Rains County
48269,48000,King County
48223,48000,Hopkins County
48205,48000,Hartley County
48191,48000,Hall County
48179,48000,Gray County
48139,48000,Ellis County
48049,48000,Brown County
47039,47000,Decatur County
46051,46000,Grant County
46015,46000,Brule County
45085,45000,Sumter County
45059,45000,Laurens County
42123,42000,Warren County
42051,42000,Fayette County
48435,48000,Sutton County
42001,42000,Adams County
41029,41000,Jackson County
40119,40000,Payne County
39163,39000,Vinton County
39035,39000,Cuyahoga County
39025,39000,Clermont County
38037,38000,Grant County
38027,38000,Eddy County
38013,38000,Burke County
38007,38000,Billings County
37197,37000,Yadkin County
37101,37000,Johnston County
37001,37000,Alamance County
36081,36000,Queens County
36011,36000,Cayuga County
36009,36000,Cattaraugus County
32031,32000,Washoe County
51840,51000,Winchester city
29125,29000,Maries County
29111,29000,Lewis County
29097,29000,Jasper County
29093,29000,Iron County
29065,29000,Dent County
29045,29000,Clark County
28077,28000,Lawrence County
27151,27000,Swift County
48209,48000,Hays County
27029,27000,Clearwater County
26149,26000,St. Joseph County
24019,24000,Dorchester County
22045,22000,Iberia Parish
21233,21000,Webster County
21195,21000,Pike County
21143,21000,Lyon County
21121,21000,Knox County
21049,21000,Clark County
54103,54000,Wetzel County
20087,20000,Jefferson County
20033,20000,Comanche County
19177,19000,Van Buren County
19145,19000,Page County
37009,37000,Ashe County
19005,19000,Allamakee County
18121,18000,Parke County
18013,18000,Brown County
48395,48000,Robertson County
17071,17000,Henderson County
17053,17000,Ford County
16087,16000,Washington County
16035,16000,Clearwater County
16029,16000,Caribou County
13291,13000,Union County
13257,13000,Stephens County
13193,13000,Macon County
13153,13000,Houston County
13129,13000,Gordon County
13057,13000,Cherokee County
12059,12000,Holmes County
9011,9000,New London County
8115,8000,Sedgwick County
8033,8000,Dolores County
8025,8000,Crowley County
48099,48000,Coryell County
6083,6000,Santa Barbara County
6059,6000,Orange County
6045,6000,Mendocino County
38061,38000,Mountrail County
6001,6000,Alameda County
31005,31000,Arthur County
5083,5000,Logan County
5007,5000,Benton County
2240,2000,Southeast Fairbanks Census Area
2013,2000,Aleutians East Borough
1131,1000,Wilcox County
55027,55000,Dodge County
53021,53000,Franklin County
51678,51000,Lexington city
51185,51000,Tazewell County
51159,51000,Richmond County
51153,51000,Prince William County
51047,51000,Culpeper County
49019,49000,Grand County
49007,49000,Carbon County
48441,48000,Taylor County
48345,48000,Motley County
48091,48000,Comal County
48027,48000,Bell County
48023,48000,Baylor County
47157,47000,Shelby County
47035,47000,Cumberland County
47013,47000,Campbell County
46085,46000,Lyman County
46049,46000,Faulk County
46027,46000,Clay County
45079,45000,Richland County
45031,45000,Darlington County
53069,53000,Wahkiakum County
42019,42000,Butler County
40115,40000,Ottawa County
40087,40000,McClain County
40013,40000,Bryan County
39109,39000,Miami County
38075,38000,Renville County
38039,38000,Griggs County
38031,38000,Foster County
37133,37000,Onslow County
37079,37000,Greene County
36089,36000,St. Lawrence County
35023,35000,Hidalgo County
34021,34000,Mercer County
34015,34000,Gloucester County
55053,55000,Jackson County
31127,31000,Nemaha County
31063,31000,Frontier County
31045,31000,Dawes County
30027,30000,Fergus County
30025,30000,Fallon County
29225,29000,Webster County
29205,29000,Shelby County
29181,29000,Ripley County
51015,51000,Augusta County
46045,46000,Edmunds County
27133,27000,Rock County
27095,27000,Mille Lacs County
26087,26000,Lapeer County
26029,26000,Charlevoix County
24027,24000,Howard County
22113,22000,Vermilion Parish
22109,22000,Terrebonne Parish
40073,40000,Kingfisher County
21149,21000,McLean County
21133,21000,Letcher County
21097,21000,Harrison County
21095,21000,Harlan County
20179,20000,Sheridan County
20143,20000,Ottawa County
19163,19000,Scott County
44005,44000,Newport County
19133,19000,Monona County
19019,19000,Buchanan County
18099,18000,Marshall County
18093,18000,Lawrence County
18089,18000,Lake County
18067,18000,Howard County
18061,18000,Harrison County
18043,18000,Floyd County
17167,17000,Sangamon County
17157,17000,Randolph County
16025,16000,Camas County
13301,13000,Warren County
46065,46000,Hughes County
13051,13000,Chatham County
12119,12000,Sumter County
12005,12000,Bay County
8111,8000,San Juan County
40097,40000,Mayes County
5139,5000,Union County
12051,12000,Hendry County
4023,4000,Santa Cruz County
2150,2000,Kodiak Island Borough
2020,2000,Anchorage Municipality
1037,1000,Coosa County
1013,1000,Butler County
56037,56000,Sweetwater County
55069,55000,Lincoln County
55011,55000,Buffalo County
54057,54000,Mineral County
53071,53000,Walla Walla County
51065,51000,Fluvanna County
51005,51000,Alleghany County
49023,49000,Juab County
48505,48000,Zapata County
48367,48000,Parker County
48359,48000,Oldham County
48341,48000,Moore County
51570,51000,Colonial Heights city
48247,48000,Jim Hogg County
48217,48000,Hill County
48145,48000,Falls County
48135,48000,Ector County
48087,48000,Collingsworth County
48075,48000,Childress County
48059,48000,Callahan County
48025,48000,Bee County
47141,47000,Putnam County
47021,47000,Cheatham County
45089,45000,Williamsburg County
42109,42000,Snyder County
42061,42000,Huntingdon County
42021,42000,Cambria County
41013,41000,Crook County
40149,40000,Washita County
40109,40000,Oklahoma County
48277,48000,Lamar County
39155,39000,Trumbull County
48403,48000,Sabine County
39055,39000,Geauga County
37083,37000,Halifax County
37055,37000,Dare County
36063,36000,Niagara County
35055,35000,Taos County
31175,31000,Valley County
31149,31000,Rock County
31137,31000,Phelps County
31073,31000,Gosper County
31023,31000,Butler County
30055,30000,McCone County
30007,30000,Broadwater County
29219,29000,Warren County
28069,28000,Kemper County
47077,47000,Henderson County
27115,27000,Pine County
27109,27000,Olmsted County
27077,27000,Lake of the Woods County
27053,27000,Hennepin County
27033,27000,Cottonwood County
45071,45000,Newberry County
26151,26000,Sanilac County
26127,26000,Oceana County
26119,26000,Montmorency County
26041,26000,Delta County
23011,23000,Kennebec County
22059,22000,LaSalle Parish
21183,21000,Ohio County
21053,21000,Clinton County
21047,21000,Christian County
21041,21000,Carroll County
49025,49000,Kane County
19141,19000,O'Brien County
19117,19000,Lucas County
19047,19000,Crawford County
18159,18000,Tipton County
18115,18000,Ohio County
18101,18000,Martin County
18081,18000,Johnson County
37153,37000,Richmond County
17081,17000,Jefferson County
17003,17000,Alexander County
16081,16000,Teton County
55099,55000,Price County
16007,16000,Bear Lake County
13259,13000,Stewart County
13235,13000,Pulaski County
38105,38000,Williams County
13161,13000,Jeff Davis County
13105,13000,Elbert County
12127,12000,Volusia County
46079,46000,Lake County
9013,9000,Tolland County
8105,8000,Rio Grande County
6095,6000,Solano County
6087,6000,Santa Cruz County
6043,6000,Mariposa County
5133,5000,Sevier County
5067,5000,Jackson County
4017,4000,Navajo County
4003,4000,Cochise County
2060,2000,Bristol Bay Borough
2050,2000,Bethel Census Area
1133,1000,Winston County
1125,1000,Tuscaloosa County
1097,1000,Mobile County
56033,56000,Sheridan County
55075,55000,Marinette County
55045,55000,Green County
54015,54000,Clay County
53043,53000,Lincoln County
53041,53000,Lewis County
51105,51000,Lee County
50027,50000,Windsor County
48477,48000,Washington County
48427,48000,Starr County
48353,48000,Nolan County
48339,48000,Montgomery County
48321,48000,Matagorda County
48163,48000,Frio County
48067,48000,Cass County
48047,48000,Brooks County
48031,48000,Blanco County
48001,48000,Anderson County
47065,47000,Hamilton County
46103,46000,Pennington County
45077,45000,Pickens County
45037,45000,Edgefield County
45019,45000,Charleston County
42121,42000,Venango County
42101,42000,Philadelphia County
42067,42000,Juniata County
40153,40000,Woodward County
39175,39000,Wyandot County
39049,39000,Franklin County
39043,39000,Erie County
37077,37000,Granville County
47075,47000,Haywood County
36099,36000,Seneca County
36007,36000,Broome County
33019,33000,Sullivan County
32003,32000,Clark County
31171,31000,Thomas County
31153,31000,Sarpy County
31121,31000,Merrick County
31069,31000,Garden County
31007,31000,Banner County
30075,30000,Powder River County
30053,30000,Lincoln County
30049,30000,Lewis and Clark County
28141,28000,Tishomingo County
28125,28000,Sharkey County
28039,28000,George County
28021,28000,Claiborne County
28019,28000,Choctaw County
28005,28000,Amite County
27155,27000,Traverse County
27073,27000,Lac qui Parle County
27027,27000,Clay County
27025,27000,Chisago County
26063,26000,Huron County
26001,26000,Alcona County
25027,25000,Worcester County
25011,25000,Franklin County
25007,25000,Dukes County
23019,23000,Penobscot County
22089,22000,St. Charles Parish
22041,22000,Franklin Parish
21129,21000,Lee County
21123,21000,Larue County
21111,21000,Jefferson County
21089,21000,Greenup County
21051,21000,Clay County
20209,20000,Wyandotte County
20121,20000,Miami County
20043,20000,Doniphan County
44009,44000,Washington County
19143,19000,Osceola County
54017,54000,Doddridge County
19093,19000,Ida County
19039,19000,Clarke County
19001,19000,Adair County
18161,18000,Union County
18135,18000,Randolph County
18133,18000,Putnam County
18111,18000,Newton County
17183,17000,Vermilion County
17083,17000,Jersey County
17007,17000,Boone County
13319,13000,Wilkinson County
20065,20000,Graham County
13225,13000,Peach County
13151,13000,Henry County
13099,13000,Early County
17133,17000,Monroe County
13039,13000,Camden County
30069,30000,Petroleum County
12086,12000,Miami-Dade County
47045,47000,Dyer County
12033,12000,Escambia County
12021,12000,Collier County
9007,9000,Middlesex County
8075,8000,Logan County
8067,8000,La Plata County
8049,8000,Grand County
30001,30000,Beaverhead County
6115,6000,Yuba County
55005,55000,Barron County
6007,6000,Butte County
49001,49000,Beaver County
5049,5000,Fulton County
5041,5000,Desha County
2070,2000,Dillingham Census Area
1123,1000,Tallapoosa County
1117,1000,Shelby County
1007,1000,Bibb County
54089,54000,Summers County
54077,54000,Preston County
54021,54000,Gilmer County
51700,51000,Newport News city
51155,51000,Pulaski County
51149,51000,Prince George County
51099,51000,King George County
51007,51000,Amelia County
51001,51000,Accomack County
49047,49000,Uintah County
48461,48000,Upton County
48347,48000,Nacogdoches County
48307,48000,McCulloch County
48213,48000,Henderson County
48167,48000,Galveston County
46135,46000,Yankton County
46057,46000,Hamlin County
46047,46000,Fall River County
45063,45000,Lexington County
45027,45000,Clarendon County
45015,45000,Berkeley County
42099,42000,Perry County
42007,42000,Beaver County
41017,41000,Deschutes County
40101,40000,Muskogee County
40023,40000,Choctaw County
38079,38000,Rolette County
38077,38000,Richland County
38049,38000,McHenry County
38017,38000,Cass County
37115,37000,Madison County
37063,37000,Durham County
35059,35000,Union County
35053,35000,Socorro County
35035,35000,Otero County
32009,32000,Esmeralda County
30097,30000,Sweet Grass County
30029,30000,Flathead County
29221,29000,Washington County
29155,29000,Pemiscot County
29115,29000,Linn County
29061,29000,Daviess County
28127,28000,Simpson County
28099,28000,Neshoba County
28009,28000,Benton County
27121,27000,Pope County
26165,26000,Wexford County
26161,26000,Washtenaw County
26153,26000,Schoolcraft County
26091,26000,Lenawee County
26049,26000,Genesee County
25013,25000,Hampden County
24031,24000,Montgomery County
22057,22000,Lafourche Parish
21099,21000,Hart County
21067,21000,Fayette County
20207,20000,Woodson County
20181,20000,Sherman County
20137,20000,Norton County
19167,19000,Sioux County
19147,19000,Palo Alto County
19135,19000,Monroe County
19097,19000,Jackson County
18153,18000,Sullivan County
17191,17000,Wayne County
17189,17000,Washington County
17185,17000,Wabash County
17135,17000,Montgomery County
17091,17000,Kankakee County
17065,17000,Hamilton County
17057,17000,Fulton County
17035,17000,Cumberland County
17015,17000,Carroll County
16069,16000,Nez Perce County
16059,16000,Lemhi County
13315,13000,Wilcox County
28083,28000,Leflore County
13185,13000,Lowndes County
13177,13000,Lee County
13115,13000,Floyd County
13101,13000,Echols County
13085,13000,Dawson County
13043,13000,Candler County
41015,41000,Curry County
12111,12000,St. Lucie County
12091,12000,Okaloosa County
12075,12000,Levy County
12069,12000,Lake County
12045,12000,Gulf County
12043,12000,Glades County
21187,21000,Owen County
8015,8000,Chaffee County
8009,8000,Baca County
5053,5000,Grant County
2198,2000,Prince of Wales-Hyder Census Area
2195,2000,Petersburg Borough
1077,1000,Lauderdale County
56039,56000,Teton County
56025,56000,Natrona County
54079,54000,Putnam County
54071,54000,Pendleton County
54009,54000,Brooke County
53067,53000,Thurston County
53057,53000,Skagit County
51830,51000,Williamsburg city
51710,51000,Norfolk city
51193,51000,Westmoreland County
48495,48000,Winkler County
48423,48000,Smith County
48405,48000,San Augustine County
48401,48000,Rusk County
48335,48000,Mitchell County
48241,48000,Jasper County
48237,48000,Jack County
48021,48000,Bastrop County
48003,48000,Andrews County
47139,47000,Polk County
47101,47000,Lewis County
47099,47000,Lawrence County
47055,47000,Giles County
46119,46000,Sully County
46081,46000,Lawrence County
42087,42000,Mifflin County
42069,42000,Lackawanna County
41005,41000,Clackamas County
40127,40000,Pushmataha County
40081,40000,Lincoln County
39169,39000,Wayne County
39159,39000,Union County
39135,39000,Preble County
39095,39000,Lucas County
39085,39000,Lake County
37037,37000,Chatham County
35039,35000,Rio Arriba County
48225,48000,Houston County
35009,35000,Curry County
34033,34000,Salem County
33015,33000,Rockingham County
33001,33000,Belknap County
32021,32000,Mineral County
32011,32000,Eureka County
31179,31000,Wayne County
31095,31000,Jefferson County
31091,31000,Hooker County
31017,31000,Brown County
29211,29000,Sullivan County
29159,29000,Pettis County
29101,29000,Johnson County
29087,29000,Holt County
29049,29000,Clinton County
29043,29000,Christian County
29041,29000,Chariton County
29035,29000,Carter County
28147,28000,Walthall County
28135,28000,Tallahatchie County
28133,28000,Sunflower County
28045,28000,Hancock County
27157,27000,Wabasha County
46089,46000,McPherson County
26111,26000,Midland County
26077,26000,Kalamazoo County
26009,26000,Antrim County
22115,22000,Vernon Parish
22011,22000,Beauregard Parish
21221,21000,Trigg County
21213,21000,Simpson County
21201,21000,Robertson County
21171,21000,Monroe County
21085,21000,Grayson County
21061,21000,Edmonson County
21023,21000,Bracken County
20203,20000,Wichita County
20175,20000,Seward County
20171,20000,Scott County
20141,20000,Osborne County
31143,31000,Polk County
20095,20000,Kingman County
28057,28000,Itawamba County
54059,54000,Mingo County
19041,19000,Clay County
47033,47000,Crockett County
18155,18000,Switzerland County
18143,18000,Scott County
18109,18000,Morgan County
36029,36000,Erie County
18065,18000,Henry County
18037,18000,Dubois County
17201,17000,Winnebago County
17173,17000,Shelby County
21209,21000,Scott County
28051,28000,Holmes County
16065,16000,Madison County
16049,16000,Idaho County
13215,13000,Muscogee County
13209,13000,Montgomery County
13165,13000,Jenkins County
12093,12000,Okeechobee County
12049,12000,Hardee County
12019,12000,Clay County
32033,32000,White Pine County
8085,8000,Montrose County
8081,8000,Moffat County
6105,6000,Trinity County
6031,6000,Kings County
5147,5000,Woodruff County
5093,5000,Mississippi County
5073,5000,Lafayette County
47189,47000,Wilson County
1095,1000,Marshall County
1087,1000,Macon County
1061,1000,Geneva County
1047,1000,Dallas County
56007,56000,Carbon County
55133,55000,Waukesha County
55119,55000,Taylor County
55007,55000,Bayfield County
54061,54000,Monongalia County
54053,54000,Mason County
53025,53000,Grant County
51820,51000,Waynesboro city
51191,51000,Washington County
51181,51000,Surry County
51045,51000,Craig County
51033,51000,Caroline County
49003,49000,Box Elder County
48485,48000,Wichita County
48467,48000,Van Zandt County
48447,48000,Throckmorton County
48389,48000,Reeves County
48383,48000,Reagan County
48233,48000,Hutchinson County
48159,48000,Franklin County
48057,48000,Calhoun County
47049,47000,Fentress County
46117,46000,Stanley County
46109,46000,Roberts County
46097,46000,Miner County
46091,46000,Marshall County
46055,46000,Haakon County
45049,45000,Hampton County
45011,45000,Barnwell County
42127,42000,Wayne County
41069,41000,Wheeler County
40095,40000,Marshall County
54101,54000,Webster County
39141,39000,Ross County
39003,39000,Allen County
38103,38000,Wells County
38057,38000,Mercer County
38051,38000,McIntosh County
37155,37000,Robeson County
37053,37000,Currituck County
36123,36000,Yates County
36097,36000,Schuyler County
36051,36000,Livingston County
34029,34000,Ocean County
48093,48000,Comanche County
31019,31000,Buffalo County
30065,30000,Musselshell County
30013,30000,Cascade County
49035,49000,Salt Lake County
29175,29000,Randolph County
29173,29000,Ralls County
29109,29000,Lawrence County
29017,29000,Bollinger County
28055,28000,Issaquena County
27153,27000,Todd County
27119,27000,Polk County
27085,27000,McLeod County
25005,25000,Bristol County
24025,24000,Harford County
24005,24000,Baltimore County
21173,21000,Montgomery County
36095,36000,Schoharie County
21013,21000,Bell County
21001,21000,Adair County
20173,20000,Sedgwick County
20129,20000,Morton County
20109,20000,Logan County
20077,20000,Harper County
20057,20000,Ford County
20025,20000,Clark County
27007,27000,Beltrami County
18145,18000,Shelby County
18129,18000,Posey County
18079,18000,Jennings County
17193,17000,White County
17121,17000,Marion County
48329,48000,Midland County
17049,17000,Effingham County
16003,16000,Adams County
21161,21000,Mason County
13285,13000,Troup County
13253,13000,Seminole County
13219,13000,Oconee County
13195,13000,Madison County
13131,13000,Grady County
13065,13000,Clinch County
13003,13000,Atkinson County
8079,8000,Mineral County
8055,8000,Huerfano County
8039,8000,Elbert County
8023,8000,Costilla County
8019,8000,Clear Creek County
6009,6000,Calaveras County
19087,19000,Henry County
5047,5000,Franklin County
5031,5000,Craighead County
5005,5000,Baxter County
4021,4000,Pinal County
12083,12000,Marion County
50011,50000,Franklin County
1069,1000,Houston County
1033,1000,Colbert County
56003,56000,Big Horn County
55127,55000,Walworth County
55059,55000,Kenosha County
55021,55000,Columbia County
55015,55000,Calumet County
54001,54000,Barbour County
51125,51000,Nelson County
55141,55000,Wood County
48365,48000,Panola County
48301,48000,Loving County
48253,48000,Jones County
48169,48000,Garza County
53065,53000,Stevens County
48113,48000,Dallas County
48019,48000,Bandera County
47137,47000,Pickett County
47053,47000,Gibson County
47007,47000,Bledsoe County
46007,46000,Bennett County
45017,45000,Calhoun County
42097,42000,Northumberland County
42079,42000,Luzerne County
42037,42000,Columbia County
48327,48000,Menard County
41043,41000,Linn County
41041,41000,Lincoln County
40091,40000,McIntosh County
40033,40000,Cotton County
40003,40000,Alfalfa County
39123,39000,Ottawa County
39101,39000,Marion County
39065,39000,Hardin County
37179,37000,Union County
36083,36000,Rensselaer County
36031,36000,Essex County
36025,36000,Delaware County
35045,35000,San Juan County
35021,35000,Harding County
31139,31000,Pierce County
31131,31000,Otoe County
31109,31000,Lancaster County
31037,31000,Colfax County
30111,30000,Yellowstone County
30059,30000,Meagher County
29157,29000,Perry County
29095,29000,Jackson County
29075,29000,Gentry County
28131,28000,Stone County
28109,28000,Pearl River County
28053,28000,Humphreys County
27103,27000,Nicollet County
40065,40000,Jackson County
28143,28000,Tunica County
27041,27000,Douglas County
27019,27000,Carver County
39015,39000,Brown County
26115,26000,Monroe County
26065,26000,Ingham County
26053,26000,Gogebic County
26031,26000,Cheboygan County
24003,24000,Anne Arundel County
22097,22000,St. Landry Parish
22065,22000,Madison Parish
22051,22000,Jefferson Parish
22029,22000,Concordia Parish
21175,21000,Morgan County
21157,21000,Marshall County
21145,21000,McCracken County
21059,21000,Daviess County
20177,20000,Shawnee County
20159,20000,Rice County
20079,20000,Harvey County
20059,20000,Franklin County
20009,20000,Barton County
19085,19000,Harrison County
19075,19000,Grundy County
19063,19000,Emmet County
19055,19000,Delaware County
19027,19000,Carroll County
18059,18000,Hancock County
18023,18000,Clinton County
17149,17000,Pike County
17179,17000,Tazewell County
17033,17000,Crawford County
16071,16000,Oneida County
16039,16000,Elmore County
13317,13000,Wilkes County
13271,13000,Telfair County
13109,13000,Evans County
13179,13000,Liberty County
13077,13000,Coweta County
13059,13000,Clarke County
13055,13000,Chattooga County
13005,13000,Bacon County
12011,12000,Broward County
20083,20000,Hodgeman County
8083,8000,Montezuma County
8059,8000,Jefferson County
6093,6000,Siskiyou County
6085,6000,Santa Clara County
6071,6000,San Bernardino County
6047,6000,Merced County
13281,13000,Towns County
5099,5000,Nevada County
5095,5000,Monroe County
2275,2000,Wrangell City and Borough
2230,2000,Skagway Municipality
1093,1000,Marion County
1089,1000,Madison County
1079,1000,Lawrence County
1067,1000,Henry County
1051,1000,Elmore County
1045,1000,Dale County
1019,1000,Cherokee County
1009,1000,Blount County
56031,56000,Platte County
55117,55000,Sheboygan County
55083,55000,Oconto County
55063,55000,La Crosse County
55057,55000,Juneau County
54109,54000,Wyoming County
53039,53000,Klickitat County
49015,49000,Emery County
48421,48000,Sherman County
48343,48000,Morris County
48313,48000,Madison County
48175,48000,Goliad County
48095,48000,Concho County
48085,48000,Collin County
47153,47000,Sequatchie County
47115,47000,Marion County
47089,47000,Jefferson County
47085,47000,Humphreys County
47047,47000,Fayette County
46115,46000,Spink County
46031,46000,Corson County
45061,45000,Lee County
42129,42000,Westmoreland County
42049,42000,Erie County
42047,42000,Elk County
42005,42000,Armstrong County
41063,41000,Wallowa County
40051,40000,Grady County
39171,39000,Williams County
39113,39000,Montgomery County
55017,55000,Chippewa County
38067,38000,Pembina County
38015,38000,Burleigh County
38003,38000,Barnes County
37149,37000,Polk County
37131,37000,Northampton County
37067,37000,Forsyth County
37047,37000,Columbus County
37005,37000,Alleghany County
36119,36000,Westchester County
35019,35000,Guadalupe County
34017,34000,Hudson County
34011,34000,Cumberland County
33013,33000,Merrimack County
33009,33000,Grafton County
31075,31000,Grant County
31055,31000,Douglas County
30021,30000,Dawson County
30011,30000,Carter County
36041,36000,Hamilton County
28113,28000,Pike County
28067,28000,Jones County
27137,27000,St. Louis County
26141,26000,Presque Isle County
26131,26000,Ontonagon County
28161,28000,Yalobusha County
26101,26000,Manistee County
26011,26000,Arenac County
24043,24000,Washington County
24033,24000,Prince George's County
29051,29000,Cole County
23015,23000,Lincoln County
22091,22000,St. Helena Parish
42083,42000,McKean County
22055,22000,Lafayette Parish
22053,22000,Jefferson Davis Parish
22007,22000,Assumption Parish
21119,21000,Knott County
21107,21000,Hopkins County
21083,21000,Graves County
21039,21000,Carlisle County
21027,21000,Breckinridge County
21009,21000,Barren County
28047,28000,Harrison County
55001,55000,Adams County
48499,48000,Wood County
51520,51000,Bristol city
20105,20000,Lincoln County
20053,20000,Ellsworth County
20013,20000,Brown County
20003,20000,Anderson County
19195,19000,Worth County
19003,19000,Adams County
18181,18000,White County
18117,18000,Orange County
18075,18000,Jay County
18063,18000,Hendricks County
17127,17000,Massac County
17103,17000,Lee County
17095,17000,Knox County
16075,16000,Payette County
16045,16000,Gem County
32005,32000,Douglas County
29039,29000,Cedar County
13249,13000,Schley County
13241,13000,Rabun County
13119,13000,Franklin County
13093,13000,Dooly County
13035,13000,Butts County
12023,12000,Columbia County
8027,8000,Custer County
8011,8000,Bent County
8001,8000,Adams County
6103,6000,Tehama County
6057,6000,Nevada County
5111,5000,Poinsett County
5097,5000,Montgomery County
21219,21000,Todd County
4005,4000,Coconino County
2158,2000,Kusilvak Census Area
12007,12000,Bradford County
1103,1000,Morgan County
56009,56000,Converse County
51600,51000,Fairfax city
51197,51000,Wythe County
51085,51000,Hanover County
48399,48000,Runnels County
51610,51000,Falls Church city
48077,48000,Clay County
48051,48000,Burleson County
47169,47000,Trousdale County
47125,47000,Montgomery County
47071,47000,Hardin County
46071,46000,Jackson County
46019,46000,Butte County
46005,46000,Beadle County
45033,45000,Dillon County
42039,42000,Crawford County
42003,42000,Allegheny County
41055,41000,Sherman County
41053,41000,Polk County
40009,40000,Beckham County
39067,39000,Harrison County
39061,39000,Hamilton County
37157,37000,Rockingham County
37135,37000,Orange County
37071,37000,Gaston County
36105,36000,Sullivan County
35051,35000,Sierra County
35007,35000,Colfax County
51113,51000,Madison County
33011,33000,Hillsborough County
32019,32000,Lyon County
31159,31000,Seward County
31083,31000,Harlan County
30103,30000,Treasure County
30005,30000,Blaine County
29227,29000,Worth County
29207,29000,Stoddard County
29199,29000,Scotland County
29179,29000,Reynolds County
29121,29000,Macon County
29119,29000,McDonald County
29071,29000,Franklin County
29031,29000,Cape Girardeau County
29019,29000,Boone County
29011,29000,Barton County
28115,28000,Pontotoc County
27161,27000,Waseca County
27093,27000,Meeker County
27037,27000,Dakota County
26137,26000,Otsego County
26107,26000,Mecosta County
26099,26000,Macomb County
26075,26000,Jackson County
26017,26000,Bay County
25017,25000,Middlesex County
22119,22000,Webster Parish
22063,22000,Livingston Parish
22061,22000,Lincoln Parish
22047,22000,Iberville Parish
22033,22000,East Baton Rouge Parish
20091,20000,Johnson County
20027,20000,Clay County
47029,47000,Cocke County
19183,19000,Washington County
19151,19000,Pocahontas County
19103,19000,Johnson County
19091,19000,Humboldt County
19051,19000,Davis County
18039,18000,Elkhart County
17111,17000,McHenry County
17109,17000,McDonough County
17077,17000,Jackson County
17027,17000,Clinton County
17013,17000,Calhoun County
17009,17000,Brown County
16021,16000,Boundary County
15003,15000,Honolulu County
13309,13000,Wheeler County
19007,19000,Appanoose County
21189,21000,Owsley County
13083,13000,Dade County
13063,13000,Clayton County
38055,38000,McLean County
12105,12000,Polk County
8109,8000,Saguache County
47159,47000,Smith County
5141,5000,Van Buren County
5131,5000,Sebastian County
5021,5000,Clay County
5017,5000,Chicot County
2122,2000,Kenai Peninsula Borough
1129,1000,Washington County
55101,55000,Racine County
55111,55000,Sauk County
55097,55000,Portage County
55077,55000,Marquette County
51740,51000,Portsmouth city
51171,51000,Shenandoah County
51161,51000,Roanoke County
50001,50000,Addison County
49055,49000,Wayne County
49017,49000,Garfield County
49005,49000,Cache County
48491,48000,Williamson County
48453,48000,Travis County
48283,48000,La Salle County
48259,48000,Kendall County
48039,48000,Brazoria County
47113,47000,Madison County
47059,47000,Greene County
47037,47000,Davidson County
47015,47000,Cannon County
46123,46000,Tripp County
45081,45000,Saluda County
42115,42000,Susquehanna County
42029,42000,Chester County
42009,42000,Bedford County
41021,41000,Gilliam County
38001,38000,Adams County
37181,37000,Vance County
36101,36000,Steuben County
36001,36000,Albany County
35057,35000,Torrance County
35049,35000,Santa Fe County
35006,35000,Cibola County
35003,35000,Catron County
34031,34000,Passaic County
32027,32000,Pershing County
31115,31000,Loup County
31033,31000,Cheyenne County
29169,29000,Pulaski County
28155,28000,Webster County
28149,28000,Warren County
28137,28000,Tate County
28001,28000,Adams County
27105,27000,Nobles County
27043,27000,Faribault County
26125,26000,Oakland County
22035,22000,East Carroll Parish
21237,21000,Wolfe County
21225,21000,Union County
21203,21000,Rockcastle County
22125,22000,West Feliciana Parish
39157,39000,Tuscarawas County
40027,40000,Cleveland County
21037,21000,Campbell County
21029,21000,Bullitt County
21011,21000,Bath County
20161,20000,Riley County
20031,20000,Coffey County
19171,19000,Tama County
27129,27000,Renville County
19125,19000,Marion County
19107,19000,Keokuk County
18183,18000,Whitley County
18125,18000,Pike County
18045,18000,Fountain County
18027,18000,Daviess County
17097,17000,Lake County
17093,17000,Kendall County
16005,16000,Bannock County
19029,19000,Cass County
16001,16000,Ada County
31183,31000,Wheeler County
13279,13000,Toombs County
13157,13000,Jackson County
13075,13000,Cook County
13053,13000,Chattahoochee County
12097,12000,Osceola County
12013,12000,Calhoun County
29073,29000,Gasconade County
17017,17000,Cass County
28007,28000,Attala County
5143,5000,Washington County
5125,5000,Saline County
5119,5000,Pulaski County
5023,5000,Cleburne County
13133,13000,Greene County
53023,53000,Garfield County
2105,2000,Hoonah-Angoon Census Area
1015,1000,Calhoun County
55121,55000,Trempealeau County
54029,54000,Hancock County
51145,51000,Powhatan County
51109,51000,Louisa County
51081,51000,Greensville County
51077,51000,Grayson County
51053,51000,Dinwiddie County
49057,49000,Weber County
49037,49000,San Juan County
49029,49000,Morgan County
48433,48000,Stonewall County
48355,48000,Nueces County
48323,48000,Maverick County
48311,48000,McMullen County
48289,48000,Leon County
48221,48000,Hood County
48207,48000,Haskell County
48097,48000,Cooke County
48083,48000,Coleman County
48035,48000,Bosque County
47183,47000,Weakley County
47051,47000,Franklin County
47041,47000,DeKalb County
51590,51000,Danville city
46111,46000,Sanborn County
42023,42000,Cameron County
41051,41000,Multnomah County
41011,41000,Coos County
53027,53000,Grays Harbor County
40129,40000,Roger Mills County
39089,39000,Licking County
39069,39000,Henry County
39005,39000,Ashland County
38083,38000,Sheridan County
36075,36000,Oswego County
36047,36000,Kings County
36045,36000,Jefferson County
36015,36000,Chemung County
35001,35000,Bernalillo County
31169,31000,Thayer County
31129,31000,Nuckolls County
31117,31000,McPherson County
31021,31000,Burt County
31009,31000,Blaine County
30101,30000,Toole County
30019,30000,Daniels County
48413,48000,Schleicher County
29197,29000,Schuyler County
29015,29000,Benton County
30107,30000,Wheatland County
28103,28000,Noxubee County
28035,28000,Forrest County
28027,28000,Coahoma County
28017,28000,Chickasaw County
27107,27000,Norman County
40067,40000,Jefferson County
27075,27000,Lake County
26129,26000,Ogemaw County
26073,26000,Isabella County
26069,26000,Iosco County
26055,26000,Grand Traverse County
47107,47000,McMinn County
23007,23000,Franklin County
22075,22000,Plaquemines Parish
22039,22000,Evangeline Parish
21127,21000,Lawrence County
21109,21000,Jackson County
21071,21000,Floyd County
20163,20000,Rooks County
20153,20000,Rawlins County
20103,20000,Leavenworth County
20029,20000,Cloud County
19189,19000,Winnebago County
19179,19000,Wapello County
19139,19000,Muscatine County
42025,42000,Carbon County
55131,55000,Washington County
19081,19000,Hancock County
19043,19000,Clayton County
19013,19000,Black Hawk County
18171,18000,Warren County
18149,18000,Starke County
18069,18000,Huntington County
17181,17000,Union County
17169,17000,Schuyler County
17079,17000,Jasper County
47171,47000,Unicoi County
13163,13000,Jefferson County
13087,13000,Decatur County
13049,13000,Charlton County
13009,13000,Baldwin County
12123,12000,Taylor County
12009,12000,Brevard County
6053,6000,Monterey County
6025,6000,Imperial County
6005,6000,Amador County
5071,5000,Johnson County
6113,6000,Yolo County
5013,5000,Calhoun County
4009,4000,Graham County
4007,4000,Gila County
1053,1000,Escambia County
55113,55000,Sawyer County
55067,55000,Langlade County
55051,55000,Iron County
54095,54000,Tyler County
53011,53000,Clark County
53005,53000,Benton County
51685,51000,Manassas Park city
51510,51000,Alexandria city
51187,51000,Warren County
51061,51000,Fauquier County
49049,49000,Utah County
48487,48000,Wilbarger County
48469,48000,Victoria County
48393,48000,Roberts County
48293,48000,Limestone County
48263,48000,Kent County
48115,48000,Dawson County
48055,48000,Caldwell County
48053,48000,Burnet County
47149,47000,Rutherford County
51059,51000,Fairfax County
46102,46000,Oglala Lakota County
46095,46000,Mellette County
45047,45000,Greenwood County
45009,45000,Bamberg County
42131,42000,Wyoming County
42043,42000,Dauphin County
41059,41000,Umatilla County
41057,41000,Tillamook County
41007,41000,Clatsop County
40147,40000,Washington County
40131,40000,Rogers County
40085,40000,Love County
40057,40000,Harmon County
39127,39000,Perry County
39115,39000,Morgan County
55013,55000,Burnett County
39103,39000,Medina County
39033,39000,Crawford County
38091,38000,Steele County
38053,38000,McKenzie County
38021,38000,Dickey County
37193,37000,Wilkes County
37085,37000,Harnett County
37035,37000,Catawba County
36103,36000,Suffolk County
36059,36000,Nassau County
33007,33000,Coos County
31047,31000,Dawson County
31043,31000,Dakota County
30087,30000,Rosebud County
50017,50000,Orange County
29223,29000,Wayne County
29085,29000,Hickory County
29029,29000,Camden County
28101,28000,Newton County
28093,28000,Marshall County
28071,28000,Lafayette County
28013,28000,Calhoun County
24045,24000,Wicomico County
24013,24000,Carroll County
21199,21000,Pulaski County
21197,21000,Powell County
21169,21000,Metcalfe County
21147,21000,McCreary County
39129,39000,Pickaway County
21035,21000,Calloway County
21031,21000,Butler County
20201,20000,Washington County
20197,20000,Wabaunsee County
20151,20000,Pratt County
20113,20000,McPherson County
29186,29000,Ste. Genevieve County
20035,20000,Cowley County
19129,19000,Mills County
46053,46000,Gregory County
46105,46000,Perkins County
19059,19000,Dickinson County
18167,18000,Vigo County
18077,18000,Jefferson County
18073,18000,Jasper County
18053,18000,Grant County
18049,18000,Fulton County
17197,17000,Will County
17123,17000,Marshall County
17101,17000,Lawrence County
17069,17000,Hardin County
17045,17000,Edgar County
13311,13000,White County
13287,13000,Turner County
13247,13000,Rockdale County
13117,13000,Forsyth County
13023,13000,Bleckley County
8077,8000,Mesa County
8047,8000,Gilpin County
5105,5000,Perry County
5065,5000,Izard County
5055,5000,Greene County
5015,5000,Carroll County
22071,22000,Orleans Parish
1099,1000,Monroe County
1083,1000,Limestone County
1073,1000,Jefferson County
1059,1000,Franklin County
13213,13000,Murray County
55129,55000,Washburn County
53073,53000,Whatcom County
51800,51000,Suffolk city
51135,51000,Nottoway County
51089,51000,Henry County
51017,51000,Bath County
48387,48000,Red River County
48349,48000,Navarro County
48239,48000,Jackson County
48211,48000,Hemphill County
48199,48000,Hardin County
47177,47000,Warren County
47175,47000,Van Buren County
47133,47000,Overton County
46099,46000,Minnehaha County
46013,46000,Brown County
45041,45000,Florence County
45005,45000,Allendale County
42041,42000,Cumberland County
40135,40000,Sequoyah County
39131,39000,Pike County
39107,39000,Mercer County
39087,39000,Lawrence County
39021,39000,Champaign County
37011,37000,Avery County
36071,36000,Orange County
54045,54000,Logan County
48005,48000,Angelina County
31147,31000,Richardson County
31061,31000,Franklin County
30061,30000,Mineral County
29161,29000,Phelps County
29133,29000,Mississippi County
29103,29000,Knox County
29007,29000,Audrain County
36065,36000,Oneida County
28145,28000,Union County
28129,28000,Smith County
28091,28000,Marion County
26071,26000,Iron County
26059,26000,Hillsdale County
26021,26000,Berrien County
23017,23000,Oxford County
22127,22000,Winn Parish
22105,22000,Tangipahoa Parish
22067,22000,Morehouse Parish
22049,22000,Jackson Parish
22009,22000,Avoyelles Parish
21193,21000,Perry County
21181,21000,Nicholas County
21077,21000,Gallatin County
21065,21000,Estill County
20155,20000,Reno County
20019,20000,Chautauqua County
19191,19000,Winneshiek County
19137,19000,Montgomery County
19119,19000,Lyon County
18055,18000,Greene County
18031,18000,Decatur County
17165,17000,Saline County
17115,17000,Macon County
16057,16000,Latah County
16055,16000,Kootenai County
16031,16000,Cassia County
16013,16000,Blaine County
13313,13000,Whitfield County
46039,46000,Deuel County
13033,13000,Burke County
12079,12000,Madison County
12077,12000,Liberty County
12067,12000,Lafayette County
9015,9000,Windham County
8053,8000,Hinsdale County
6035,6000,Lassen County
54043,54000,Lincoln County
5101,5000,Newton County
5089,5000,Marion County
53031,53000,Jefferson County
5043,5000,Drew County
5029,5000,Conway County
5003,5000,Ashley County
4027,4000,Yuma County
4001,4000,Apache County
2290,2000,Yukon-Koyukuk Census Area
2110,2000,Juneau City and Borough
1115,1000,St. Clair County
1041,1000,Crenshaw County
1027,1000,Clay County
56045,56000,Weston County
56013,56000,Fremont County
55137,55000,Waushara County
53055,53000,San Juan County
51620,51000,Franklin city
51087,51000,Henrico County
51083,51000,Halifax County
50019,50000,Orleans County
50009,50000,Essex County
50003,50000,Bennington County
48479,48000,Webb County
48449,48000,Titus County
48443,48000,Terrell County
48303,48000,Lubbock County
48201,48000,Harris County
48143,48000,Erath County
48073,48000,Cherokee County
48061,48000,Cameron County
48029,48000,Bexar County
47135,47000,Perry County
47069,47000,Hardeman County
47031,47000,Coffee County
47025,47000,Claiborne County
51075,51000,Goochland County
46029,46000,Codington County
42119,42000,Union County
42095,42000,Northampton County
41027,41000,Hood River County
39057,39000,Greene County
38089,38000,Stark County
38087,38000,Slope County
38069,38000,Pierce County
38005,38000,Benson County
37091,37000,Hertford County
36113,36000,Warren County
33017,33000,Strafford County
31089,31000,Holt County
31013,31000,Box Butte County
30067,30000,Park County
29195,29000,Saline County
29185,29000,St. Clair County
29149,29000,Oregon County
29129,29000,Mercer County
29127,29000,Marion County
28153,28000,Wayne County
28111,28000,Perry County
28011,28000,Bolivar County
27141,27000,Sherburne County
27057,27000,Hubbard County
26013,26000,Baraga County
24021,24000,Frederick County
21177,21000,Muhlenberg County
21135,21000,Lewis County
21117,21000,Kenton County
21105,21000,Hickman County
21093,21000,Hardin County
21073,21000,Franklin County
21003,21000,Allen County
20123,20000,Mitchell County
20117,20000,Marshall County
20099,20000,Labette County
20063,20000,Gove County
19197,19000,Wright County
19169,19000,Story County
19113,19000,Linn County
19035,19000,Cherokee County
19011,19000,Benton County
18179,18000,Wells County
51720,51000,Norton city
48483,48000,Wheeler County
17043,17000,DuPage County
29037,29000,Cass County
37025,37000,Cabarrus County
16027,16000,Canyon County
13081,13000,Crisp County
13031,13000,Bulloch County
12129,12000,Wakulla County
12055,12000,Highlands County
12003,12000,Baker County
10005,10000,Sussex County
10003,10000,New Castle County
8037,8000,Eagle County
8031,8000,Denver County
8014,8000,Broomfield County
51117,51000,Mecklenburg County
6091,6000,Sierra County
6017,6000,El Dorado County
5103,5000,Ouachita County
5057,5000,Hempstead County
5039,5000,Dallas County
5001,5000,Arkansas County
4013,4000,Maricopa County
1049,1000,DeKalb County
55115,55000,Shawano County
55093,55000,Pierce County
55091,55000,Pepin County
55061,55000,Kewaunee County
55029,55000,Door County
54081,54000,Raleigh County
54073,54000,Pleasants County
53075,53000,Whitman County
51580,51000,Covington city
55019,55000,Clark County
51127,51000,New Kent County
51031,51000,Campbell County
51009,51000,Amherst County
49043,49000,Summit County
49031,49000,Piute County
49009,49000,Daggett County
48397,48000,Rockwall County
48325,48000,Medina County
48305,48000,Lynn County
48261,48000,Kenedy County
48257,48000,Kaufman County
48155,48000,Foard County
51735,51000,Poquoson city
47165,47000,Sumner County
47129,47000,Morgan County
45075,45000,Orangeburg County
44007,44000,Providence County
42089,42000,Monroe County
42073,42000,Lawrence County
51660,51000,Harrisonburg city
40141,40000,Tillman County
40063,40000,Hughes County
40059,40000,Harper County
39097,39000,Madison County
39011,39000,Auglaize County
38065,38000,Oliver County
37119,37000,Mecklenburg County
37069,37000,Franklin County
37065,37000,Edgecombe County
37017,37000,Bladen County
37013,37000,Beaufort County
37007,37000,Anson County
32023,32000,Nye County
31031,31000,Cherry County
30023,30000,Deer Lodge County
29215,29000,Texas County
29187,29000,St. Francois County
29163,29000,Pike County
29003,29000,Andrew County
27167,27000,Wilkin County
27117,27000,Pipestone County
27081,27000,Lincoln County
27005,27000,Becker County
42057,42000,Fulton County
26061,26000,Houghton County
27023,27000,Chippewa County
23029,23000,Washington County
23025,23000,Somerset County
23013,23000,Knox County
22095,22000,St. John the Baptist Parish
21223,21000,Trimble County
21217,21000,Taylor County
21113,21000,Jessamine County
21017,21000,Bourbon County
20111,20000,Lyon County
37039,37000,Cherokee County
20075,20000,Hamilton County
20073,20000,Greenwood County
19193,19000,Woodbury County
19037,19000,Chickasaw County
18123,18000,Perry County
18113,18000,Noble County
18107,18000,Montgomery County
18095,18000,Madison County
17143,17000,Peoria County
17129,17000,Menard County
17041,17000,Douglas County
16037,16000,Custer County
16015,16000,Boise County
13189,13000,McDuffie County
13141,13000,Hancock County
13139,13000,Hall County
13037,13000,Calhoun County
12133,12000,Washington County
12053,12000,Hernando County
11001,11000,District of Columbia
9005,9000,Litchfield County
8125,8000,Yuma County
8103,8000,Rio Blanco County
8089,8000,Otero County
8087,8000,Morgan County
8061,8000,Kiowa County
6099,6000,Stanislaus County
48463,48000,Uvalde County
6013,6000,Contra Costa County
5091,5000,Miller County
5009,5000,Boone County
4011,4000,Greenlee County
2016,2000,Aleutians West Census Area
1029,1000,Cleburne County
55079,55000,Milwaukee County
55023,55000,Crawford County
54063,54000,Monroe County
54041,54000,Lewis County
54023,54000,Grant County
53063,53000,Spokane County
53049,53000,Pacific County
53003,53000,Asotin County
51760,51000,Richmond city
51540,51000,Charlottesville city
51163,51000,Rockbridge County
51121,51000,Montgomery County
51063,51000,Floyd County
51025,51000,Brunswick County
51003,51000,Albemarle County
48419,48000,Shelby County
48255,48000,Karnes County
48219,48000,Hockley County
48193,48000,Hamilton County
47127,47000,Moore County
46087,46000,McCook County
46077,46000,Kingsbury County
46023,46000,Charles Mix County
46003,46000,Aurora County
45051,45000,Horry County
48203,48000,Harrison County
42033,42000,Clearfield County
41003,41000,Benton County
54105,54000,Wirt County
39145,39000,Scioto County
39063,39000,Hancock County
37143,37000,Perquimans County
37137,37000,Pamlico County
37105,37000,Lee County
37075,37000,Graham County
37059,37000,Davie County
37057,37000,Davidson County
37027,37000,Caldwell County
36037,36000,Genesee County
36019,36000,Clinton County
34007,34000,Camden County
33005,33000,Cheshire County
31123,31000,Morrill County
31079,31000,Hall County
31071,31000,Garfield County
31065,31000,Furnas County
30109,30000,Wibaux County
30089,30000,Sanders County
29167,29000,Polk County
50023,50000,Washington County
29145,29000,Newton County
29143,29000,New Madrid County
29139,29000,Montgomery County
29099,29000,Jefferson County
29023,29000,Butler County
29021,29000,Buchanan County
28065,28000,Jefferson Davis County
27159,27000,Wadena County
27031,27000,Cook County
27021,27000,Cass County
26135,26000,Oscoda County
51179,51000,Stafford County
24510,24000,Baltimore city
22123,22000,West Carroll Parish
22031,22000,De Soto Parish
22003,22000,Allen Parish
21215,21000,Spencer County
21057,21000,Cumberland County
53047,53000,Okanogan County
21005,21000,Anderson County
20189,20000,Stevens County
20021,20000,Cherokee County
19153,19000,Polk County
19149,19000,Plymouth County
19073,19000,Greene County
18165,18000,Vermillion County
18051,18000,Gibson County
18029,18000,Dearborn County
37187,37000,Washington County
18011,18000,Boone County
17199,17000,Williamson County
17195,17000,Whiteside County
20167,20000,Russell County
27163,27000,Washington County
17125,17000,Mason County
26139,26000,Ottawa County
13275,13000,Thomas County
13223,13000,Paulding County
13199,13000,Meriwether County
13145,13000,Harris County
13125,13000,Glascock County
26097,26000,Mackinac County
13089,13000,DeKalb County
13069,13000,Coffee County
13021,13000,Bibb County
12115,12000,Sarasota County
12089,12000,Nassau County
12039,12000,Gadsden County
22005,22000,Ascension Parish
12001,12000,Alachua County
8101,8000,Pueblo County
8017,8000,Cheyenne County
6101,6000,Sutter County
6037,6000,Los Angeles County
48265,48000,Kerr County
5019,5000,Clark County
1105,1000,Perry County
1081,1000,Lee County
1075,1000,Lamar County
46059,46000,Hand County
55087,55000,Outagamie County
55055,55000,Jefferson County
55025,55000,Dane County
54025,54000,Greenbrier County
53017,53000,Douglas County
51041,51000,Chesterfield County
51027,51000,Buchanan County
50015,50000,Lamoille County
49021,49000,Iron County
51021,51000,Bland County
48451,48000,Tom Green County
48385,48000,Real County
48185,48000,Grimes County
48147,48000,Fannin County
47179,47000,Washington County
47103,47000,Lincoln County
47097,47000,Lauderdale County
47063,47000,Hamblen County
46127,46000,Union County
46043,46000,Douglas County
46035,46000,Davison County
46017,46000,Buffalo County
45013,45000,Beaufort County
42125,42000,Washington County
42059,42000,Greene County
41037,41000,Lake County
40089,40000,McCurtain County
39173,39000,Wood County
39161,39000,Van Wert County
39037,39000,Darke County
39007,39000,Ashtabula County
38099,38000,Walsh County
38095,38000,Towner County
38073,38000,Ransom County
36111,36000,Ulster County
36109,36000,Tompkins County
36027,36000,Dutchess County
36005,36000,Bronx County
35047,35000,San Miguel County
35037,35000,Quay County
31181,31000,Webster County
31135,31000,Perkins County
31067,31000,Gage County
30051,30000,Liberty County
30033,30000,Garfield County
31097,31000,Johnson County
29131,29000,Miller County
29123,29000,Madison County
29117,29000,Livingston County
29081,29000,Harrison County
29077,29000,Greene County
29025,29000,Caldwell County
28157,28000,Wilkinson County
27013,27000,Blue Earth County
26035,26000,Clare County
34005,34000,Burlington County
25001,25000,Barnstable County
24011,24000,Caroline County
22023,22000,Cameron Parish
21153,21000,Magoffin County
21131,21000,Leslie County
21101,21000,Henderson County
21079,21000,Garrard County
20133,20000,Neosho County
20127,20000,Morris County
30105,30000,Valley County
19161,19000,Sac County
19067,19000,Floyd County
19021,19000,Buena Vista County
18169,18000,Wabash County
18033,18000,DeKalb County
17203,17000,Woodford County
17153,17000,Pulaski County
17147,17000,Piatt County
38025,38000,Dunn County
17087,17000,Johnson County
16041,16000,Franklin County
13289,13000,Twiggs County
13245,13000,Richmond County
13243,13000,Randolph County
13231,13000,Pike County
13205,13000,Mitchell County
13187,13000,Lumpkin County
31057,31000,Dundy County
13137,13000,Habersham County
39165,39000,Warren County
13019,13000,Berrien County
13017,13000,Ben Hill County
12107,12000,Putnam County
12085,12000,Martin County
8099,8000,Prowers County
24029,24000,Kent County
6111,6000,Ventura County
6107,6000,Tulare County
6097,6000,Sonoma County
6079,6000,San Luis Obispo County
45055,45000,Kershaw County
21205,21000,Rowan County
5121,5000,Randolph County
5115,5000,Pope County
5107,5000,Phillips County
2220,2000,Sitka City and Borough
2090,2000,Fairbanks North Star Borough
1127,1000,Walker County
1111,1000,Randolph County
1025,1000,Clarke County
1021,1000,Chilton County
56019,56000,Johnson County
55037,55000,Florence County
54037,54000,Jefferson County
51775,51000,Salem city
49041,49000,Sevier County
48381,48000,Randall County
48357,48000,Ochiltree County
48331,48000,Milam County
48295,48000,Lipscomb County
48251,48000,Johnson County
48117,48000,Deaf Smith County
48041,48000,Brazos County
47067,47000,Hancock County
46101,46000,Moody County
46067,46000,Hutchinson County
42117,42000,Tioga County
51036,51000,Charles City County
41061,41000,Union County
41049,41000,Morrow County
55085,55000,Oneida County
41025,41000,Harney County
40113,40000,Osage County
39099,39000,Mahoning County
37113,37000,Macon County
42011,42000,Berks County
37003,37000,Alexander County
36091,36000,Saratoga County
36055,36000,Monroe County
36003,36000,Allegany County
34023,34000,Middlesex County
32007,32000,Elko County
31107,31000,Knox County
31087,31000,Hitchcock County
31039,31000,Cuming County
30093,30000,Silver Bow County
30083,30000,Richland County
29089,29000,Howard County
29009,29000,Barry County
30071,30000,Phillips County
28079,28000,Leake County
27067,27000,Kandiyohi County
27011,27000,Big Stone County
27009,27000,Benton County
24017,24000,Charles County
23003,23000,Aroostook County
22117,22000,Washington Parish
22099,22000,St. Martin Parish
22077,22000,Pointe Coupee Parish
22043,22000,Grant Parish
21091,21000,Hancock County
21087,21000,Green County
20205,20000,Wilson County
20185,20000,Stafford County
20149,20000,Pottawatomie County
20049,20000,Elk County
19111,19000,Lee County
19061,19000,Dubuque County
19053,19000,Decatur County
18087,18000,LaGrange County
18057,18000,Hamilton County
18025,18000,Crawford County
17139,17000,Moultrie County
17131,17000,Mercer County
31125,31000,Nance County
16051,16000,Jefferson County
48009,48000,Archer County
13307,13000,Webster County
13303,13000,Washington County
13267,13000,Tattnall County
13191,13000,McIntosh County
13097,13000,Douglas County
13047,13000,Catoosa County
12103,12000,Pinellas County
12087,12000,Monroe County
12061,12000,Indian River County
12037,12000,Franklin County
20139,20000,Osage County
8117,8000,Summit County
8107,8000,Routt County
8097,8000,Pitkin County
8003,8000,Alamosa County
55035,55000,Eau Claire County
5127,5000,Scott County
24035,24000,Queen Anne's County
5027,5000,Columbia County
2180,2000,Nome Census Area
1031,1000,Coffee County
1005,1000,Barbour County
55043,55000,Grant County
54033,54000,Harrison County
53019,53000,Ferry County
53001,53000,Adams County
51630,51000,Fredericksburg city
51165,51000,Rockingham County
51119,51000,Middlesex County
48493,48000,Wilson County
48299,48000,Llano County
48189,48000,Hale County
48079,48000,Cochran County
55103,55000,Richland County
47147,47000,Robertson County
47095,47000,Lake County
47083,47000,Houston County
46041,46000,Dewey County
45039,45000,Fairfield County
42093,42000,Montour County
42053,42000,Forest County
42015,42000,Bradford County
41067,41000,Washington County
40079,40000,Le Flore County
40053,40000,Grant County
40049,40000,Garvin County
40025,40000,Cimarron County
39167,39000,Washington County
39149,39000,Shelby County
39079,39000,Jackson County
39023,39000,Clark County
37107,37000,Lenoir County
37097,37000,Iredell County
37023,37000,Burke County
36115,36000,Washington County
36085,36000,Richmond County
36069,36000,Ontario County
36039,36000,Greene County
35028,35000,Los Alamos County
35015,35000,Eddy County
34041,34000,Warren County
31177,31000,Washington County
31163,31000,Sherman County
31111,31000,Lincoln County
31099,31000,Kearney County
30099,30000,Teton County
30015,30000,Chouteau County
29229,29000,Wright County
54069,54000,Ohio County
29147,29000,Nodaway County
29069,29000,Dunklin County
29027,29000,Callaway County
28063,28000,Jefferson County
28025,28000,Clay County
28003,28000,Alcorn County
51095,51000,James City County
27059,27000,Isanti County
26145,26000,Saginaw County
26133,26000,Osceola County
26121,26000,Muskegon County
40151,40000,Woods County
25015,25000,Hampshire County
24041,24000,Talbot County
23009,23000,Hancock County
21207,21000,Russell County
21125,21000,Laurel County
20169,20000,Saline County
20041,20000,Dickinson County
20011,20000,Bourbon County
19157,19000,Poweshiek County
19101,19000,Jefferson County
19023,19000,Butler County
18139,18000,Rush County
18105,18000,Monroe County
18085,18000,Kosciusko County
18005,18000,Bartholomew County
22017,22000,Caddo Parish
17163,17000,St. Clair County
17051,17000,Fayette County
17001,17000,Adams County
16019,16000,Bonneville County
31029,31000,Chase County
13269,13000,Taylor County
20005,20000,Atchison County
13073,13000,Columbia County
13011,13000,Banks County
13007,13000,Baker County
29141,29000,Morgan County
12065,12000,Jefferson County
12017,12000,Citrus County
8119,8000,Teller County
8063,8000,Kit Carson County
8013,8000,Boulder County
6081,6000,San Mateo County
6077,6000,San Joaquin County
6049,6000,Modoc County
6027,6000,Inyo County
5149,5000,Yell County
19175,19000,Union County
4015,4000,Mohave County
2164,2000,Lake and Peninsula Borough
53035,53000,Kitsap County
51680,51000,Lynchburg city
51530,51000,Buena Vista city
51141,51000,Patrick County
51131,51000,Northampton County
51111,51000,Lunenburg County
51043,51000,Clarke County
51730,51000,Petersburg city
49051,49000,Wasatch County
49045,49000,Tooele County
49027,49000,Millard County
49013,49000,Duchesne County
48465,48000,Val Verde County
48363,48000,Palo Pinto County
48315,48000,Marion County
48101,48000,Cottle County
48089,48000,Colorado County
48037,48000,Bowie County
48017,48000,Bailey County
47181,47000,Wayne County
47023,47000,Chester County
42091,42000,Montgomery County
42081,42000,Lycoming County
47161,47000,Stewart County
42063,42000,Indiana County
40047,40000,Garfield County
40041,40000,Delaware County
39105,39000,Meigs County
39041,39000,Delaware County
37021,37000,Buncombe County
36033,36000,Franklin County
35041,35000,Roosevelt County
30091,30000,Sheridan County
30041,30000,Hill County
29135,29000,Moniteau County
29055,29000,Crawford County
29053,29000,Cooper County
28037,28000,Franklin County
28023,28000,Clarke County
27123,27000,Ramsey County
26143,26000,Roscommon County
49033,49000,Rich County
26113,26000,Missaukee County
26093,26000,Livingston County
26043,26000,Dickinson County
22107,22000,Tensas Parish
21155,21000,Marion County
20165,20000,Rush County
20071,20000,Greeley County
20061,20000,Geary County
20051,20000,Ellis County
19077,19000,Guthrie County
18163,18000,Vanderburgh County
18131,18000,Pulaski County
24039,24000,Somerset County
17159,17000,Richland County
48107,48000,Crosby County
17019,17000,Champaign County
16079,16000,Shoshone County
16023,16000,Butte County
32017,32000,Lincoln County
13305,13000,Wayne County
13283,13000,Treutlen County
13229,13000,Pierce County
13197,13000,Marion County
13169,13000,Jones County
13167,13000,Johnson County
13123,13000,Gilmer County
17047,17000,Edwards County
12073,12000,Leon County
12063,12000,Jackson County
6061,6000,Placer County
6033,6000,Lake County
5085,5000,Lonoke County
29113,29000,Lincoln County
5079,5000,Lincoln County
5077,5000,Lee County
2130,2000,Ketchikan Gateway Borough
1039,1000,Covington County
54107,54000,Wood County
54097,54000,Upshur County
53061,53000,Snohomish County
53015,53000,Cowlitz County
51690,51000,Martinsville city
51550,51000,Chesapeake city
51101,51000,King William County
51029,51000,Buckingham County
48431,48000,Sterling County
48429,48000,Stephens County
48415,48000,Scurry County
48161,48000,Freestone County
48063,48000,Camp County
48011,48000,Armstrong County
47091,47000,Johnson County
47043,47000,Dickson County
47027,47000,Clay County
46129,46000,Walworth County
46021,46000,Campbell County
45053,45000,Jasper County
45001,45000,Abbeville County
42133,42000,York County
42105,42000,Potter County
42077,42000,Lehigh County
42013,42000,Blair County
48275,48000,Knox County
40107,40000,Okfuskee County
40035,40000,Craig County
40011,40000,Blaine County
40001,40000,Adair County
39143,39000,Sandusky County
37183,37000,Wake County
37147,37000,Pitt County
37073,37000,Gates County
36117,36000,Wayne County
35027,35000,Lincoln County
35005,35000,Chaves County
31155,31000,Saunders County
31105,31000,Kimball County
31101,31000,Keith County
31093,31000,Howard County
31081,31000,Hamilton County
31041,31000,Custer County
37041,37000,Chowan County
30043,30000,Jefferson County
47011,47000,Bradley County
51143,51000,Pittsylvania County
29153,29000,Ozark County
29079,29000,Grundy County
28073,28000,Lamar County
40093,40000,Major County
28015,28000,Carroll County
46011,46000,Brookings County
27169,27000,Winona County
27135,27000,Roseau County
27055,27000,Houston County
27049,27000,Goodhue County
27015,27000,Brown County
26155,26000,Shiawassee County
26095,26000,Luce County
26019,26000,Benzie County
22019,22000,Calcasieu Parish
22015,22000,Bossier Parish
21229,21000,Washington County
20183,20000,Smith County
20081,20000,Haskell County
19181,19000,Warren County
36021,36000,Columbia County
19173,19000,Taylor County
19123,19000,Mahaska County
19121,19000,Madison County
19049,19000,Dallas County
19045,19000,Clinton County
19033,19000,Cerro Gordo County
17117,17000,Macoupin County
16085,16000,Valley County
16017,16000,Bonner County
13293,13000,Upson County
13273,13000,Terrell County
13255,13000,Spalding County
13217,13000,Newton County
13103,13000,Effingham County
13079,13000,Crawford County
13029,13000,Bryan County
13001,13000,Appling County
51167,51000,Russell County
12041,12000,Gilchrist County
12029,12000,Dixie County
9001,9000,Fairfield County
18127,18000,Porter County
27017,27000,Carlton County
8005,8000,Arapahoe County
51091,51000,Highland County
6069,6000,San Benito County
6067,6000,Sacramento County
6063,6000,Plumas County
6055,6000,Napa County
6051,6000,Mono County
6023,6000,Humboldt County
5145,5000,White County
5129,5000,Searcy County
5045,5000,Faulkner County
2185,2000,North Slope Borough
22093,22000,St. James Parish
1071,1000,Jackson County
1001,1000,Autauga County
56005,56000,Campbell County
55109,55000,St. Croix County
55065,55000,Lafayette County
53077,53000,Yakima County
53013,53000,Columbia County
51790,51000,Staunton city
51770,51000,Roanoke city
51169,51000,Scott County
51103,51000,Lancaster County
51013,51000,Arlington County
48151,48000,Fisher County
48103,48000,Crane County
48069,48000,Castro County
48033,48000,Borden County
47167,47000,Tipton County
47123,47000,Monroe County
47119,47000,Maury County
46075,46000,Jones County
46063,46000,Harding County
46025,46000,Clark County
45069,45000,Marlboro County
42103,42000,Pike County
41039,41000,Lane County
51595,51000,Emporia city
39125,39000,Paulding County
39121,39000,Noble County
39059,39000,Guernsey County
39017,39000,Butler County
38093,38000,Stutsman County
38081,38000,Sargent County
38029,38000,Emmons County
37173,37000,Swain County
37061,37000,Duplin County
37043,37000,Clay County
37019,37000,Brunswick County
34013,34000,Essex County
34001,34000,Atlantic County
31161,31000,Sheridan County
30039,30000,Granite County
30017,30000,Custer County
29183,29000,St. Charles County
29107,29000,Lafayette County
29091,29000,Howell County
29083,29000,Henry County
28139,28000,Tippah County
28075,28000,Lauderdale County
27113,27000,Pennington County
27045,27000,Fillmore County
26163,26000,Wayne County
26123,26000,Newaygo County
22069,22000,Natchitoches Parish
20045,20000,Douglas County
20039,20000,Decatur County
20037,20000,Crawford County
20001,20000,Allen County
19185,19000,Wayne County
48137,48000,Edwards County
19131,19000,Mitchell County
19109,19000,Kossuth County
19083,19000,Hardin County
19031,19000,Cedar County
18147,18000,Spencer County
18047,18000,Franklin County
25023,25000,Plymouth County
17063,17000,Grundy County
17011,17000,Bureau County
13321,13000,Worth County
17145,17000,Perry County
12101,12000,Pasco County
8045,8000,Garfield County
8041,8000,El Paso County
8021,8000,Conejos County
8073,8000,Lincoln County
6015,6000,Del Norte County
5037,5000,Cross County
41031,41000,Jefferson County
1011,1000,Bullock County
54091,54000,Taylor County
54027,54000,Hampshire County
54007,54000,Braxton County
51683,51000,Manassas city
51199,51000,York County
51157,51000,Rappahannock County
51139,51000,Page County
51019,51000,Bedford County
48481,48000,Wharton County
48471,48000,Walker County
48445,48000,Terry County
48391,48000,Refugio County
48291,48000,Liberty County
48273,48000,Kleberg County
48197,48000,Hardeman County
48141,48000,El Paso County
48131,48000,Duval County
48045,48000,Briscoe County
46093,46000,Meade County
45083,45000,Spartanburg County
45045,45000,Greenville County
42055,42000,Franklin County
42045,42000,Delaware County
41071,41000,Yamhill County
41045,41000,Malheur County
40143,40000,Tulsa County
40139,40000,Texas County
40123,40000,Pontotoc County
40105,40000,Nowata County
40061,40000,Haskell County
40015,40000,Caddo County
39077,39000,Huron County
39009,39000,Athens County
38063,38000,Nelson County
38059,38000,Morton County
37029,37000,Camden County
36049,36000,Lewis County
34009,34000,Cape May County
31145,31000,Red Willow County
31141,31000,Platte County
31113,31000,Logan County
31049,31000,Deuel County
30035,30000,Glacier County
30009,30000,Carbon County
29510,29000,St. Louis city
54083,54000,Randolph County
29177,29000,Ray County
29057,29000,Dade County
29005,29000,Atchison County
28105,28000,Oktibbeha County
28087,28000,Lowndes County
37129,37000,New Hanover County
27171,27000,Wright County
27143,27000,Sibley County
26051,26000,Gladwin County
22121,22000,West Baton Rouge Parish
39147,39000,Seneca County
20107,20000,Linn County
20101,20000,Lane County
20007,20000,Barber County
19127,19000,Marshall County
20047,20000,Edwards County
19069,19000,Franklin County
48109,48000,Culberson County
19025,19000,Calhoun County
18091,18000,LaPorte County
17171,17000,Scott County
17155,17000,Putnam County
17151,17000,Pope County
17119,17000,Madison County
40071,40000,Kay County
13277,13000,Tift County
13263,13000,Talbot County
13227,13000,Pickens County
13173,13000,Lanier County
28049,28000,Hinds County
13067,13000,Cobb County
29059,29000,Dallas County
12095,12000,Orange County
8065,8000,Lake County
6019,6000,Fresno County
5113,5000,Polk County
5081,5000,Little River County
4025,4000,Yavapai County
55107,55000,Rusk County
2068,2000,Denali Borough
1107,1000,Pickens County
1055,1000,Etowah County
55049,55000,Iowa County
1017,1000,Chambers County
56027,56000,Niobrara County
56021,56000,Laramie County
56015,56000,Goshen County
56011,56000,Crook County
55031,55000,Douglas County
54055,54000,Mercer County
53009,53000,Clallam County
51650,51000,Hampton city
51640,51000,Galax city
51175,51000,Southampton County
51133,51000,Northumberland County
51115,51000,Mathews County
51069,51000,Frederick County
51037,51000,Charlotte County
48503,48000,Young County
48501,48000,Yoakum County
48361,48000,Orange County
48337,48000,Montague County
48181,48000,Grayson County
48125,48000,Dickens County
48121,48000,Denton County
47117,47000,Marshall County
47111,47000,Macon County
45073,45000,Oconee County
45035,45000,Dorchester County
44003,44000,Kent County
42085,42000,Mercer County
41001,41000,Baker County
40103,40000,Noble County
40083,40000,Logan County
40019,40000,Carter County
39111,39000,Monroe County
38101,38000,Ward County
38071,38000,Ramsey County
37195,37000,Wilson County
37163,37000,Sampson County
37093,37000,Hoke County
35033,35000,Mora County
35013,35000,Doa Ana County
32029,32000,Storey County
31165,31000,Sioux County
31103,31000,Keya Paha County
31011,31000,Boone County
31003,31000,Antelope County
30081,30000,Ravalli County
30073,30000,Pondera County
29171,29000,Putnam County
28159,28000,Winston County
28121,28000,Rankin County
28119,28000,Quitman County
28097,28000,Montgomery County
28095,28000,Monroe County
28085,28000,Lincoln County
28041,28000,Greene County
28029,28000,Copiah County
27125,27000,Red Lake County
27111,27000,Otter Tail County
27087,27000,Mahnomen County
27071,27000,Koochiching County
24047,24000,Worcester County
23023,23000,Sagadahoc County
22087,22000,St. Bernard Parish
22085,22000,Sabine Parish
22001,22000,Acadia Parish
21231,21000,Wayne County
21141,21000,Logan County
39091,39000,Logan County
20145,20000,Pawnee County
28123,28000,Scott County
20115,20000,Marion County
20097,20000,Kiowa County
20067,20000,Grant County
48235,48000,Irion County
18175,18000,Washington County
18173,18000,Warrick County
54075,54000,Pocahontas County
18103,18000,Miami County
18097,18000,Marion County
18083,18000,Knox County
18017,18000,Cass County
18003,18000,Allen County
17137,17000,Morgan County
17113,17000,McLean County
17107,17000,Logan County
22083,22000,Richland Parish
16073,16000,Owyhee County
26023,26000,Branch County
13261,13000,Sumter County
13181,13000,Lincoln County
13175,13000,Laurens County
22111,22000,Union Parish
13155,13000,Irwin County
13147,13000,Hart County
13095,13000,Dougherty County
13071,13000,Colquitt County
12125,12000,Union County
12121,12000,Suwannee County
12117,12000,Seminole County
12099,12000,Palm Beach County
12047,12000,Hamilton County
9009,9000,New Haven County
12015,12000,Charlotte County
8071,8000,Las Animas County
8057,8000,Jackson County
29013,29000,Bates County
6075,6000,San Francisco County
6041,6000,Marin County
6003,6000,Alpine County
37033,37000,Caswell County
21167,21000,Mercer County
5063,5000,Independence County
18157,18000,Tippecanoe County
2188,2000,Northwest Arctic Borough
1091,1000,Marengo County
56043,56000,Washakie County
56029,56000,Park County
55047,55000,Green Lake County
55033,55000,Dunn County
54093,54000,Tucker County
54065,54000,Morgan County
53029,53000,Island County
51810,51000,Virginia Beach city
48497,48000,Wise County
48439,48000,Tarrant County
48271,48000,Kinney County
48245,48000,Jefferson County
48127,48000,Dimmit County
46083,46000,Lincoln County
45065,45000,McCormick County
45007,45000,Anderson County
41033,41000,Josephine County
41009,41000,Columbia County
40137,40000,Stephens County
40077,40000,Latimer County
40021,40000,Cherokee County
39151,39000,Stark County
39139,39000,Richland County
39137,39000,Putnam County
39117,39000,Morrow County
39083,39000,Knox County
38047,38000,Logan County
38023,38000,Divide County
37189,37000,Watauga County
37185,37000,Warren County
37177,37000,Tyrrell County
37159,37000,Rowan County
37151,37000,Randolph County
37127,37000,Nash County
36107,36000,Tioga County
36087,36000,Rockland County
36073,36000,Orleans County
36035,36000,Fulton County
48065,48000,Carson County
32001,32000,Churchill County
30057,30000,Madison County
30031,30000,Gallatin County
29209,29000,Stone County
29165,29000,Platte County
29137,29000,Monroe County
29105,29000,Laclede County
28117,28000,Prentiss County
28107,28000,Panola County
28081,28000,Lee County
31085,31000,Hayes County
27069,27000,Kittson County
27047,27000,Freeborn County
27035,27000,Crow Wing County
26157,26000,Tuscola County
26117,26000,Montcalm County
26105,26000,Mason County
26089,26000,Leelanau County
26079,26000,Kalkaska County
26067,26000,Ionia County
26039,26000,Crawford County
25021,25000,Norfolk County
22079,22000,Rapides Parish
31001,31000,Adams County
48043,48000,Brewster County
21043,21000,Carter County
20135,20000,Ness County
20125,20000,Montgomery County
48111,48000,Dallam County
20069,20000,Gray County
19159,19000,Ringgold County
19095,19000,Iowa County
18035,18000,Delaware County
17025,17000,Clay County
30047,30000,Lake County
16047,16000,Gooding County
38011,38000,Bowman County
15009,15000,Maui County
13297,13000,Walton County
13061,13000,Clay County
13013,13000,Barrow County
12113,12000,Santa Rosa County
12027,12000,DeSoto County
8113,8000,San Miguel County
8093,8000,Park County
8051,8000,Gunnison County
8035,8000,Douglas County
21055,21000,Crittenden County
6089,6000,Shasta County
6073,6000,San Diego County
5137,5000,Stone County
5135,5000,Sharp County
5061,5000,Howard County
55125,55000,Vilas County
55071,55000,Manitowoc County
54087,54000,Roane County
53007,53000,Chelan County
51750,51000,Radford city
51195,51000,Wise County
51183,51000,Sussex County
51137,51000,Orange County
51071,51000,Giles County
50025,50000,Windham County
50005,50000,Caledonia County
49011,49000,Davis County
48489,48000,Willacy County
48473,48000,Waller County
48417,48000,Shackelford County
48351,48000,Newton County
48319,48000,Mason County
48267,48000,Kimble County
48171,48000,Gillespie County
48129,48000,Donley County
47187,47000,Williamson County
47145,47000,Roane County
47143,47000,Rhea County
47087,47000,Jackson County
45003,45000,Aiken County
41047,41000,Marion County
40133,40000,Seminole County
40029,40000,Coal County
40005,40000,Atoka County
39133,39000,Portage County
39075,39000,Holmes County
39051,39000,Fulton County
38085,38000,Sioux County
38019,38000,Cavalier County
37169,37000,Stokes County
37111,37000,McDowell County
37049,37000,Craven County
36067,36000,Onondaga County
36057,36000,Montgomery County
35025,35000,Lea County
34037,34000,Sussex County
34025,34000,Monmouth County
33003,33000,Carroll County
31173,31000,Thurston County
31167,31000,Stanton County
31053,31000,Dodge County
31025,31000,Cass County
30045,30000,Judith Basin County
28163,28000,Yazoo County
27127,27000,Redwood County
27079,27000,Le Sueur County
27003,27000,Anoka County
26005,26000,Allegan County
25009,25000,Essex County
36077,36000,Otsego County
22013,22000,Bienville Parish
21163,21000,Meade County
21159,21000,Martin County
21033,21000,Caldwell County
20147,20000,Phillips County
19115,19000,Louisa County
19099,19000,Jasper County
55009,55000,Brown County
19057,19000,Des Moines County
51067,51000,Franklin County
18009,18000,Blackford County
17177,17000,Stephenson County
27089,27000,Marshall County
17089,17000,Kane County
17085,17000,Jo Daviess County
17073,17000,Henry County
15007,15000,Kauai County
13299,13000,Ware County
13251,13000,Screven County
13239,13000,Quitman County
13221,13000,Oglethorpe County
18141,18000,St. Joseph County
48165,48000,Gaines County
12131,12000,Walton County
38041,38000,Hettinger County
12081,12000,Manatee County
12057,12000,Hillsborough County
9003,9000,Hartford County
8095,8000,Phillips County
8069,8000,Larimer County
8029,8000,Delta County
8007,8000,Archuleta County
6029,6000,Kern County
5109,5000,Pike County
5011,5000,Bradley County
48229,48000,Hudspeth County
2100,2000,Haines Borough
56041,56000,Uinta County
1043,1000,Cullman County
55139,55000,Winnebago County
55135,55000,Waupaca County
55089,55000,Ozaukee County
54099,54000,Wayne County
54047,54000,McDowell County
54035,54000,Jackson County
54031,54000,Hardy County
51670,51000,Hopewell city
51093,51000,Isle of Wight County
50021,50000,Rutland County
48281,48000,Lampasas County
48187,48000,Guadalupe County
48157,48000,Fort Bend County
47105,47000,Loudon County
47061,47000,Grundy County
46069,46000,Hyde County
46033,46000,Custer County
46009,46000,Bon Homme County
45087,45000,Union County
51107,51000,Loudoun County
42065,42000,Jefferson County
42035,42000,Clinton County
48149,48000,Fayette County
47109,47000,McNairy County
40043,40000,Dewey County
40007,40000,Beaver County
39153,39000,Summit County
39119,39000,Muskingum County
45091,45000,York County
39031,39000,Coshocton County
38045,38000,LaMoure County
37167,37000,Stanly County
37165,37000,Scotland County
37161,37000,Rutherford County
37051,37000,Cumberland County
47073,47000,Hawkins County
36121,36000,Wyoming County
36061,36000,New York County
36043,36000,Herkimer County
36017,36000,Chenango County
36013,36000,Chautauqua County
35031,35000,McKinley County
34035,34000,Somerset County
32013,32000,Humboldt County
47005,47000,Benton County
31157,31000,Scotts Bluff County
31133,31000,Pawnee County
31035,31000,Clay County
31015,31000,Boyd County
30037,30000,Golden Valley County
29063,29000,DeKalb County
48013,48000,Atascosa County
55041,55000,Forest County
28033,28000,DeSoto County
27139,27000,Scott County
27101,27000,Murray County
27063,27000,Jackson County
27061,27000,Itasca County
26083,26000,Keweenaw County
47079,47000,Henry County
26007,26000,Alpena County
25003,25000,Berkshire County
23031,23000,York County
21235,21000,Whitley County
21165,21000,Menifee County
21137,21000,Lincoln County
21115,21000,Johnson County
21103,21000,Henry County
21063,21000,Elliott County
21021,21000,Boyle County
20093,20000,Kearny County
20023,20000,Cheyenne County
19187,19000,Webster County
37095,37000,Hyde County
19065,19000,Fayette County
19009,19000,Audubon County
18119,18000,Owen County
18071,18000,Jackson County
18041,18000,Fayette County
18015,18000,Carroll County
29189,29000,St. Louis County
17055,17000,Franklin County
17039,17000,De Witt County
16053,16000,Jerome County
21015,21000,Boone County
13265,13000,Taliaferro County
13201,13000,Miller County
40075,40000,Kiowa County
13113,13000,Fayette County
13111,13000,Fannin County
12031,12000,Duval County
8121,8000,Washington County
45021,45000,Cherokee County
6065,6000,Riverside County
5117,5000,Prairie County
5069,5000,Jefferson County
40045,40000,Ellis County
13127,13000,Glynn County
5035,5000,Crittenden County
1109,1000,Pike County
55039,55000,Fond du Lac County
1057,1000,Fayette County