iso_country,iso_region,municipality
AD,AD-02,Canillo
AD,AD-03,Encamp
AD,AD-04,La Massana
AD,AD-05,Ordino
AD,AD-06,Sant Julià de Lòria
AD,AD-07,Andorra la Vella
AD,AD-08,Escaldes-Engordany
AE,AE-AJ,
AE,AE-AZ,
AF,AF-GHA,
AF,AF-HEL,
AF,AF-PKA,
AG,AG-10,
AI,AI-U-A,
AL,AL-06,
AL,AL-08,
AL,AL-10,
AL,AL-12,
AM,AM-GR,
AM,AM-SU,
AM,AM-VD,
AO,AO-CCU,
AO,AO-CNN,
AO,AO-CUS,
AO,AO-LSU,
AO,AO-LUA,
AO,AO-MOX,
AQ,AQ-U-A,
AR,AR-B,
AR,AR-E,
AR,AR-F,
AR,AR-G,
AR,AR-H,
AR,AR-K,
AR,AR-L,
AR,AR-N,
AR,AR-R,
AR,AR-S,
AR,AR-W,
AR,AR-X,
AR,AR-Z,
AS,AS-MA,
AT,AT-1,
AT,AT-3,
AT,AT-9,
AU,AU-NSW,
AU,AU-QLD,
AU,AU-SA,
AU,AU-TAS,
AU,AU-VIC,
AU,AU-WA,
AW,AW-U-A,
AZ,AZ-AGM,
AZ,AZ-AGS,
AZ,AZ-BIL,
AZ,AZ-GOY,
BA,BA-BIH,
BA,BA-SRP,
BD,BD-2,
BD,BD-3,
BD,BD-4,
BE,BE-VAN,
BE,BE-VBR,
BE,BE-VLI,
BE,BE-VOV,
BE,BE-VWV,
BE,BE-WBR,
BE,BE-WHT,
BE,BE-WLG,
BE,BE-WLX,
BE,BE-WNA,
BF,BF-BAL,
BF,BF-BAM,
BF,BF-BGR,
BF,BF-BLG,
BF,BF-BLK,
BF,BF-COM,
BF,BF-GAN,
BF,BF-GNA,
BF,BF-GOU,
BF,BF-HOU,
BF,BF-IOB,
BF,BF-KAD,
BF,BF-KEN,
BF,BF-KMP,
BF,BF-KOP,
BF,BF-KOS,
BF,BF-KOT,
BF,BF-LOR,
BF,BF-MOU,
BF,BF-NAM,
BF,BF-NAO,
BF,BF-NOU,
BF,BF-OUD,
BF,BF-PAS,
BF,BF-PON,
BF,BF-SEN,
BF,BF-SIS,
BF,BF-SMT,
BF,BF-SNG,
BF,BF-SOM,
BF,BF-SOR,
BF,BF-TAP,
BF,BF-TUI,
BF,BF-YAT,
BF,BF-ZON,
BF,BF-ZOU,
BG,BG-01,
BG,BG-02,
BG,BG-03,
BG,BG-04,
BG,BG-05,
BG,BG-06,
BG,BG-07,
BG,BG-08,
BG,BG-09,
BG,BG-10,
BG,BG-11,
BG,BG-12,
BG,BG-13,
BG,BG-14,
BG,BG-15,
BG,BG-16,
BG,BG-17,
BG,BG-18,
BG,BG-19,
BG,BG-20,
BG,BG-23,
BG,BG-24,
BG,BG-25,
BG,BG-26,
BG,BG-27,
BG,BG-28,
BH,BH-14,
BH,BH-15,
BH,BH-16,
BH,BH-17,
BI,BI-BM,
BI,BI-GI,
BI,BI-KI,
BI,BI-MA,
BI,BI-NG,
BI,BI-RT,
BI,BI-RY,
BJ,BJ-AK,
BJ,BJ-AL,
BJ,BJ-AQ,
BJ,BJ-BO,
BJ,BJ-CO,
BJ,BJ-DO,
BJ,BJ-ZO,
BL,BL-U-A,
BM,BM-U-A,
BN,BN-BE,
BN,BN-BM,
BN,BN-TE,
BN,BN-TU,
BO,BO-B,
BO,BO-C,
BO,BO-H,
BO,BO-L,
BO,BO-N,
BO,BO-O,
BO,BO-P,
BO,BO-S,
BO,BO-T,
BQ,BQ-U-A,
BR,BR-AC,
BR,BR-AL,
BR,BR-AM,
BR,BR-AP,
BR,BR-BA,
BR,BR-CE,
BR,BR-DF,
BR,BR-ES,
BR,BR-GO,
BR,BR-MA,
BR,BR-MG,
BR,BR-MS,
BR,BR-MT,
BR,BR-PA,
BR,BR-PB,
BR,BR-PE,
BR,BR-PI,
BR,BR-PR,
BR,BR-RJ,
BR,BR-RN,
BR,BR-RO,
BR,BR-RR,
BR,BR-RS,
BR,BR-SC,
BR,BR-SE,
BR,BR-SP,
BR,BR-TO,
BR,BR-U-A,
BS,BS-AK,
BS,BS-BI,
BS,BS-BY,
BS,BS-CE,
BS,BS-CI,
BS,BS-CK,
BS,BS-CO,
BS,BS-CS,
BS,BS-EG,
BS,BS-EX,
BS,BS-FP,
BS,BS-HI,
BS,BS-IN,
BS,BS-LI,
BS,BS-MG,
BS,BS-NO,
BS,BS-NP,
BS,BS-NS,
BS,BS-RC,
BS,BS-RI,
BS,BS-SA,
BS,BS-SE,
BS,BS-SO,
BS,BS-SS,
BS,BS-WG,
BT,BT-11,
BT,BT-12,
BT,BT-13,
BT,BT-15,
BT,BT-24,
BT,BT-31,
BT,BT-32,
BT,BT-33,
BT,BT-41,
BW,BW-CE,
BW,BW-GH,
BW,BW-KG,
BW,BW-KL,
BW,BW-KW,
BW,BW-NE,
BW,BW-NW,
BW,BW-SE,
BW,BW-SO,
BW,BW-U-A,
BY,BY-BR,
BY,BY-HO,
BY,BY-HR,
BY,BY-MA,
BY,BY-MI,
BY,BY-VI,
BZ,BZ-BZ,
BZ,BZ-CY,
BZ,BZ-CZL,
BZ,BZ-OW,
BZ,BZ-SC,
BZ,BZ-TOL,
CA,CA-AB,
CA,CA-BC,
CA,CA-MB,
CA,CA-NB,
CA,CA-NL,
CA,CA-NS,
CA,CA-NT,
CA,CA-NU,
CA,CA-ON,
CA,CA-PE,
CA,CA-QC,
CA,CA-SK,
CA,CA-YT,
CC,CC-U-A,
CD,CD-BC,
CD,CD-BN,
CD,CD-EQ,
CD,CD-KA,
CD,CD-KE,
CD,CD-KN,
CD,CD-KW,
CD,CD-MA,
CD,CD-NK,
CD,CD-OR,
CD,CD-SK,
CD,CD-U-A,
CF,CF-AC,
CF,CF-BB,
CF,CF-BK,
CF,CF-HK,
CF,CF-HM,
CF,CF-HS,
CF,CF-KB,
CF,CF-KG,
CF,CF-LB,
CF,CF-MB,
CF,CF-MP,
CF,CF-NM,
CF,CF-OP,
CF,CF-SE,
CF,CF-UK,
CF,CF-VR,
CG,CG-11,
CG,CG-12,
CG,CG-13,
CG,CG-14,
CG,CG-2,
CG,CG-5,
CG,CG-7,
CG,CG-8,
CG,CG-9,
CH,CH-AG,
CH,CH-BE,
CH,CH-BL,
CH,CH-FR,
CH,CH-GE,
CH,CH-GL,
CH,CH-GR,
CH,CH-JU,
CH,CH-LU,
CH,CH-NE,
CH,CH-NW,
CH,CH-OW,
CH,CH-SG,
CH,CH-SH,
CH,CH-SO,
CH,CH-SZ,
CH,CH-TG,
CH,CH-TI,
CH,CH-U-A,
CH,CH-VD,
CH,CH-VS,
CH,CH-ZH,
CI,CI-01,
CI,CI-02,
CI,CI-03,
CI,CI-04,
CI,CI-05,
CI,CI-06,
CI,CI-07,
CI,CI-08,
CI,CI-09,
CI,CI-10,
CI,CI-11,
CI,CI-13,
CI,CI-14,
CI,CI-17,
CI,CI-19,
CK,CK-U-A,
CL,CL-AI,
CL,CL-AN,
CL,CL-AP,
CL,CL-AR,
CL,CL-AT,
CL,CL-BI,
CL,CL-CO,
CL,CL-LI,
CL,CL-LL,
CL,CL-LR,
CL,CL-MA,
CL,CL-ML,
CL,CL-RM,
CL,CL-TA,
CL,CL-VS,
CM,CM-AD,
CM,CM-CE,
CM,CM-EN,
CM,CM-ES,
CM,CM-LT,
CM,CM-NO,
CM,CM-NW,
CM,CM-OU,
CM,CM-SU,
CM,CM-SW,
CN,CN-11,
CN,CN-12,
CN,CN-13,
CN,CN-14,
CN,CN-15,
CN,CN-21,
CN,CN-22,
CN,CN-23,
CN,CN-31,
CN,CN-32,
CN,CN-33,
CN,CN-34,
CN,CN-35,
CN,CN-36,
CN,CN-37,
CN,CN-41,
CN,CN-42,
CN,CN-43,
CN,CN-44,
CN,CN-45,
CN,CN-46,
CN,CN-50,
CN,CN-51,
CN,CN-52,
CN,CN-53,
CN,CN-54,
CN,CN-61,
CN,CN-62,
CN,CN-63,
CN,CN-64,
CN,CN-65,
CO,CO-AMA,
CO,CO-ANT,
CO,CO-ARA,
CO,CO-ATL,
CO,CO-BOL,
CO,CO-BOY,
CO,CO-CAL,
CO,CO-CAQ,
CO,CO-CAS,
CO,CO-CAU,
CO,CO-CES,
CO,CO-CHO,
CO,CO-COR,
CO,CO-CUN,
CO,CO-GUA,
CO,CO-GUV,
CO,CO-HUI,
CO,CO-LAG,
CO,CO-MAG,
CO,CO-MET,
CO,CO-NAR,
CO,CO-NSA,
CO,CO-PUT,
CO,CO-QUI,
CO,CO-RIS,
CO,CO-SAN,
CO,CO-SAP,
CO,CO-SUC,
CO,CO-TOL,
CO,CO-VAC,
CO,CO-VAU,
CO,CO-VID,
CR,CR-A,
CR,CR-C,
CR,CR-G,
CR,CR-H,
CR,CR-L,
CR,CR-P,
CR,CR-SJ,
CU,CU-01,
CU,CU-03,
CU,CU-04,
CU,CU-05,
CU,CU-06,
CU,CU-07,
CU,CU-08,
CU,CU-09,
CU,CU-10,
CU,CU-11,
CU,CU-12,
CU,CU-13,
CU,CU-14,
CU,CU-15,
CU,CU-16,
CU,CU-99,
CV,CV-B,
CV,CV-S,
CW,CW-U-A,
CX,CX-U-A,
CY,CY-01,
CY,CY-02,
CY,CY-03,
CY,CY-04,
CY,CY-05,
CY,CY-06,
CY,CY-U-A,
CZ,CZ-JC,
CZ,CZ-JM,
CZ,CZ-KA,
CZ,CZ-KR,
CZ,CZ-LI,
CZ,CZ-MO,
CZ,CZ-OL,
CZ,CZ-PA,
CZ,CZ-PL,
CZ,CZ-PR,
CZ,CZ-ST,
CZ,CZ-U-A,
CZ,CZ-US,
CZ,CZ-VY,
CZ,CZ-ZL,
DE,DE-BE,
DE,DE-BR,
DE,DE-BW,
DE,DE-BY,
DE,DE-HB,
DE,DE-HE,
DE,DE-HH,
DE,DE-MV,
DE,DE-NI,
DE,DE-NW,
DE,DE-RP,
DE,DE-SH,
DE,DE-SL,
DE,DE-SN,
DE,DE-ST,
DE,DE-TH,
DE,DE-U-A,
DJ,DJ-AR,
DJ,DJ-AS,
DJ,DJ-DI,
DJ,DJ-DJ,
DJ,DJ-OB,
DJ,DJ-TA,
DK,DK-81,
DK,DK-82,
DK,DK-83,
DK,DK-84,
DK,DK-85,
DK,DK-XX,
DM,DM-02,
DM,DM-10,
DO,DO-01,
DO,DO-02,
DO,DO-04,
DO,DO-05,
DO,DO-08,
DO,DO-10,
DO,DO-11,
DO,DO-12,
DO,DO-13,
DO,DO-15,
DO,DO-16,
DO,DO-18,
DO,DO-20,
DO,DO-21,
DO,DO-22,
DO,DO-23,
DO,DO-24,
DO,DO-25,
DO,DO-27,
DO,DO-30,
DZ,DZ-01,
DZ,DZ-02,
DZ,DZ-03,
DZ,DZ-04,
DZ,DZ-05,
DZ,DZ-06,
DZ,DZ-07,
DZ,DZ-08,
DZ,DZ-09,
DZ,DZ-11,
DZ,DZ-12,
DZ,DZ-13,
DZ,DZ-14,
DZ,DZ-16,
DZ,DZ-17,
DZ,DZ-18,
DZ,DZ-19,
DZ,DZ-20,
DZ,DZ-21,
DZ,DZ-22,
DZ,DZ-23,
DZ,DZ-24,
DZ,DZ-25,
DZ,DZ-27,
DZ,DZ-28,
DZ,DZ-29,
DZ,DZ-30,
DZ,DZ-31,
DZ,DZ-32,
DZ,DZ-33,
DZ,DZ-37,
DZ,DZ-39,
DZ,DZ-43,
DZ,DZ-45,
DZ,DZ-47,
DZ,DZ-48,
EC,EC-A,
EC,EC-C,
EC,EC-D,
EC,EC-E,
EC,EC-F,
EC,EC-G,
EC,EC-H,
EC,EC-I,
EC,EC-L,
EC,EC-M,
EC,EC-N,
EC,EC-O,
EC,EC-P,
EC,EC-R,
EC,EC-S,
EC,EC-T,
EC,EC-U,
EC,EC-W,
EC,EC-X,
EC,EC-Y,
EE,EE-37,
EE,EE-39,
EE,EE-44,
EE,EE-51,
EE,EE-57,
EE,EE-59,
EE,EE-65,
EE,EE-67,
EE,EE-70,
EE,EE-74,
EE,EE-7B,
EE,EE-82,
EE,EE-84,
EE,EE-86,
EE,EE-U-A,
EG,EG-ALX,
EG,EG-ASN,
EG,EG-AST,
EG,EG-BA,
EG,EG-BH,
EG,EG-BNS,
EG,EG-C,
EG,EG-DK,
EG,EG-FYM,
EG,EG-GH,
EG,EG-GZ,
EG,EG-IS,
EG,EG-JS,
EG,EG-KFS,
EG,EG-KN,
EG,EG-MN,
EG,EG-MT,
EG,EG-PTS,
EG,EG-SHG,
EG,EG-SHR,
EG,EG-SIN,
EG,EG-SUZ,
EG,EG-WAD,
EH,EH-U-A,
ER,ER-DK,
ER,ER-GB,
ER,ER-SK,
ES,ES-VI,Álava
ES,ES-AB,Albacete
ES,ES-A,Alicante
ES,ES-AL,Almería
ES,ES-O,Asturias
ES,ES-AV,Ávila
ES,ES-BA,Badajoz
ES,ES-B,Barcelona
ES,ES-BI,Bizkaia
ES,ES-BU,Burgos
ES,ES-CC,Cáceres
ES,ES-CA,Cádiz
ES,ES-S,Cantabria
ES,ES-CS,Castellón
ES,ES-CR,Ciudad Real
ES,ES-CO,Córdoba
ES,ES-CU,Cuenca
ES,ES-GI,Gerona
ES,ES-SS,Gipuzkoa
ES,ES-GR,Granada
ES,ES-GU,Guadalajara
ES,ES-H,Huelva
ES,ES-HU,Huesca
ES,ES-PM,Islas Baleares
ES,ES-J,Jaén
ES,ES-C,La Coruña
ES,ES-LO,La Rioja
ES,ES-GC,Las Palmas
ES,ES-LE,León
ES,ES-L,Lleida
ES,ES-LU,Lugo
ES,ES-M,Madrid
ES,ES-MA,Málaga
ES,ES-MU,Murcia
ES,ES-NA,Navarra
ES,ES-OR,Ourense
ES,ES-P,Palencia
ES,ES-PO,Pontevedra
ES,ES-SA,Salamanca
ES,ES-TF,Santa Cruz de Tenerife
ES,ES-SG,Segovia
ES,ES-SE,Sevilla
ES,ES-SO,Soria
ES,ES-T,Tarragona
ES,ES-TE,Teruel
ES,ES-TO,Toledo
ES,ES-V,València
ES,ES-VA,Valladolid
ES,ES-ZA,Zamora
ES,ES-Z,Zaragoza
ET,ET-AA,
ET,ET-AF,
ET,ET-AM,
ET,ET-BE,
ET,ET-DD,
ET,ET-GA,
ET,ET-OR,
ET,ET-SN,
ET,ET-SO,
ET,ET-TI,
ET,ET-XSD,
FI,FI-01,
FI,FI-02,
FI,FI-03,
FI,FI-04,
FI,FI-05,
FI,FI-06,
FI,FI-07,
FI,FI-08,
FI,FI-09,
FI,FI-10,
FI,FI-11,
FI,FI-12,
FI,FI-13,
FI,FI-14,
FI,FI-15,
FI,FI-16,
FI,FI-17,
FI,FI-18,
FI,FI-19,
FJ,FJ-C,
FJ,FJ-E,
FJ,FJ-N,
FJ,FJ-R,
FJ,FJ-W,
FK,FK-U-A,
FM,FM-KSA,
FM,FM-PNI,
FM,FM-TRK,
FM,FM-YAP,
FO,FO-U-A,
FR,FR-20R,Corse
FR,FR-ARA,Auvergne-Rhône-Alpes
FR,FR-BFC,Bourgogne-Franche-Comté
FR,FR-BRE,Bretagne
FR,FR-CVL,Centre-Val de Loire
FR,FR-GES,Grand-Est
FR,FR-HDF,Hauts-de-France
FR,FR-IDF,Île-de-France
FR,FR-NAQ,Nouvelle-Aquitaine
FR,FR-NOR,Normandie
FR,FR-OCC,Occitanie
FR,FR-PAC,Provence-Alpes-Côte-d’Azur
FR,FR-PDL,Pays-de-la-Loire
GA,GA-1,Estuaire
GA,GA-2,Haut-Ogooué
GA,GA-3,Moyen-Ogooué
GA,GA-4,Ngounié
GA,GA-5,Nyanga
GA,GA-6,Ogooué-Ivindo
GA,GA-7,Ogooué-Lolo
GA,GA-8,Ogooué-Maritime
GA,GA-9,Woleu-Ntem
GB,GB-ENG,England
GB,GB-NIR,Northern Ireland
GB,GB-SCT,Scotland
GB,GB-WLS,Wales
GD,GD-AN,
GD,GD-GE,
GD,GD-PA,
GE,GE-AB,
GE,GE-AJ,
GE,GE-GU,
GE,GE-IM,
GE,GE-KA,
GE,GE-KK,
GE,GE-MM,
GE,GE-SJ,
GE,GE-SK,
GE,GE-SZ,
GE,GE-TB,
GF,GF-CY,
GF,GF-SL,
GF,GF-U-A,
GG,GG-U-A,
GH,GH-AA,
GH,GH-AH,
GH,GH-BA,
GH,GH-CP,
GH,GH-EP,
GH,GH-NP,
GH,GH-UE,
GH,GH-UW,
GH,GH-WP,
GI,GI-U-A,
GL,GL-U-A,
GM,GM-W,
GN,GN-B,
GN,GN-C,
GN,GN-F,
GN,GN-K,
GN,GN-L,
GN,GN-N,
GP,GP-U-A,
GQ,GQ-AN,
GQ,GQ-BN,
GQ,GQ-CS,
GQ,GQ-LI,
GQ,GQ-WN,
GR,GR-A,Anatolikí Makedonía kai Thráki
GR,GR-B,Kentrikí Makedonía
GR,GR-C,Dytikí Makedonía
GR,GR-D,Ípeiros
GR,GR-E,Thessalía
GR,GR-F,Ionía Nísia
GR,GR-G,Dytikí Elláda
GR,GR-H,Stereá Elláda
GR,GR-I,Attikí
GR,GR-J,Pelopónnisos
GR,GR-K,Vóreio Aigaío
GR,GR-L,Nótio Aigaío
GR,GR-M,Kríti
GS,GS-GS,South Georgia and the South Sandwich Islands
GT,GT-01,Guatemala
GT,GT-02,El Progreso
GT,GT-03,Sacatepéquez
GT,GT-04,Chimaltenango
GT,GT-05,Escuintla
GT,GT-06,Santa Rosa
GT,GT-07,Sololá
GT,GT-08,Totonicapán
GT,GT-09,Quetzaltenango
GT,GT-10,Suchitepéquez
GT,GT-11,Retalhuleu
GT,GT-12,San Marcos
GT,GT-13,Huehuetenango
GT,GT-14,Quiché
GT,GT-15,Baja Verapaz
GT,GT-16,Alta Verapaz
GT,GT-17,Petén
GT,GT-18,Izabal
GT,GT-19,Zacapa
GT,GT-20,Chiquimula
GT,GT-21,Jalapa
GT,GT-22,Jutiapa
GU,GU-AH,Agana Heights
GU,GU-AT,Agat
GU,GU-AS,Asan
GU,GU-BA,Barrigada
GU,GU-CP,Chalan-Pago-Ordot
GU,GU-DD,Dededo
GU,GU-AN,Hagåtña
GU,GU-IN,Inarajan
GU,GU-MA,Mangilao
GU,GU-ME,Merizo
GU,GU-MT,Mongmong-Toto-Maite
GU,GU-PI,Piti
GU,GU-SR,Santa Rita
GU,GU-SJ,Sinajana
GU,GU-TF,Talofofo
GU,GU-TM,Tamuning
GU,GU-UM,Umatac
GU,GU-YG,Yigo
GU,GU-YN,Yona
GW,GW-BA,
GW,GW-BL,
GW,GW-BS,
GW,GW-GA,
GW,GW-TO,
GY,GY-BA,
GY,GY-CU,
GY,GY-DE,
GY,GY-EB,
GY,GY-MA,
GY,GY-PM,
GY,GY-PT,
GY,GY-UD,
GY,GY-UT,
HK,HK-U-A,
HM,HM-U-A,
HN,HN-AT,
HN,HN-CH,
HN,HN-CL,
HN,HN-CM,
HN,HN-CP,
HN,HN-CR,
HN,HN-EP,
HN,HN-FM,
HN,HN-GD,
HN,HN-IB,
HN,HN-IN,
HN,HN-LE,
HN,HN-LP,
HN,HN-OC,
HN,HN-OL,
HN,HN-SB,
HN,HN-VA,
HN,HN-YO,
HR,HR-01,
HR,HR-02,
HR,HR-03,
HR,HR-05,
HR,HR-06,
HR,HR-07,
HR,HR-08,
HR,HR-09,
HR,HR-12,
HR,HR-13,
HR,HR-14,
HR,HR-16,
HR,HR-17,
HR,HR-18,
HR,HR-19,
HR,HR-20,
HR,HR-21,
HR,HR-U-A,
HT,HT-AR,
HT,HT-CE,
HT,HT-GA,
HT,HT-ND,
HT,HT-NE,
HT,HT-NO,
HT,HT-OU,
HT,HT-SD,
HT,HT-SE,
HU,HU-BA,
HU,HU-BE,
HU,HU-BK,
HU,HU-BU,
HU,HU-BZ,
HU,HU-CS,
HU,HU-FE,
HU,HU-GS,
HU,HU-HB,
HU,HU-HE,
HU,HU-JN,
HU,HU-KE,
HU,HU-NO,
HU,HU-PE,
HU,HU-PS,
HU,HU-SO,
HU,HU-SZ,
HU,HU-TO,
HU,HU-U-A,
HU,HU-VA,
HU,HU-VE,
HU,HU-ZA,
ID,ID-AC,
ID,ID-BA,
ID,ID-BB,
ID,ID-BE,
ID,ID-BT,
ID,ID-GO,
ID,ID-JA,
ID,ID-JB,
ID,ID-JI,
ID,ID-JK,
ID,ID-JT,
ID,ID-KB,
ID,ID-KI,
ID,ID-KS,
ID,ID-KT,
ID,ID-KU,
ID,ID-LA,
ID,ID-MA,
ID,ID-MU,
ID,ID-NB,
ID,ID-NT,
ID,ID-PA,
ID,ID-PB,
ID,ID-RI,
ID,ID-SA,
ID,ID-SB,
ID,ID-SG,
ID,ID-SN,
ID,ID-SS,
ID,ID-ST,
ID,ID-SU,
ID,ID-YO,
IE,IE-C,
IE,IE-CE,
IE,IE-CN,
IE,IE-CW,
IE,IE-D,
IE,IE-DL,
IE,IE-G,
IE,IE-KE,
IE,IE-KK,
IE,IE-KY,
IE,IE-LD,
IE,IE-LK,
IE,IE-LS,
IE,IE-MH,
IE,IE-MO,
IE,IE-OY,
IE,IE-RN,
IE,IE-SO,
IE,IE-TA,
IE,IE-WD,
IE,IE-WH,
IE,IE-WW,
IE,IE-WX,
IL,IL-D,
IL,IL-HA,
IL,IL-JM,
IL,IL-M,
IL,IL-TA,
IL,IL-Z,
IM,IM-U-A,
IN,IN-AN,
IN,IN-AP,
IN,IN-AR,
IN,IN-AS,
IN,IN-BR,
IN,IN-CH,
IN,IN-CT,
IN,IN-DD,
IN,IN-DL,
IN,IN-DN,
IN,IN-GA,
IN,IN-GJ,
IN,IN-HP,
IN,IN-HR,
IN,IN-JH,
IN,IN-JK,
IN,IN-KA,
IN,IN-KL,
IN,IN-LD,
IN,IN-ML,
IN,IN-MM,
IN,IN-MN,
IN,IN-MP,
IN,IN-MZ,
IN,IN-NL,
IN,IN-OR,
IN,IN-PB,
IN,IN-PY,
IN,IN-RJ,
IN,IN-SK,
IN,IN-TG,
IN,IN-TN,
IN,IN-TR,
IN,IN-UL,
IN,IN-UP,
IN,IN-WB,
IO,IO-U-A,
IQ,IQ-AN,
IQ,IQ-AR,
IQ,IQ-BA,
IQ,IQ-BB,
IQ,IQ-BG,
IQ,IQ-DA,
IQ,IQ-DI,
IQ,IQ-DQ,
IQ,IQ-MA,
IQ,IQ-MU,
IQ,IQ-NA,
IQ,IQ-NI,
IQ,IQ-SD,
IQ,IQ-SW,
IQ,IQ-TS,
IQ,IQ-WA,
IR,IR-00,
IR,IR-01,
IR,IR-02,
IR,IR-03,
IR,IR-04,
IR,IR-05,
IR,IR-06,
IR,IR-07,
IR,IR-08,
IR,IR-09,
IR,IR-10,
IR,IR-11,
IR,IR-12,
IR,IR-13,
IR,IR-14,
IR,IR-15,
IR,IR-16,
IR,IR-17,
IR,IR-18,
IR,IR-19,
IR,IR-20,
IR,IR-21,
IR,IR-22,
IR,IR-23,
IR,IR-24,
IR,IR-25,
IR,IR-26,
IR,IR-27,
IR,IR-28,
IR,IR-29,
IR,IR-30,
IS,IS-1,
IS,IS-2,
IS,IS-3,
IS,IS-4,
IS,IS-5,
IS,IS-6,
IS,IS-7,
IS,IS-8,
IT,IT-21,
IT,IT-23,
IT,IT-25,
IT,IT-32,
IT,IT-34,
IT,IT-36,
IT,IT-42,
IT,IT-45,
IT,IT-52,
IT,IT-55,
IT,IT-57,
IT,IT-62,
IT,IT-65,
IT,IT-67,
IT,IT-72,
IT,IT-75,
IT,IT-77,
IT,IT-78,
IT,IT-82,
IT,IT-88,
JE,JE-U-A,
JM,JM-01,
JM,JM-02,
JM,JM-03,
JM,JM-04,
JM,JM-05,
JM,JM-06,
JM,JM-07,
JM,JM-08,
JM,JM-09,
JM,JM-11,
JM,JM-12,
JM,JM-13,
JM,JM-14,
JO,JO-AM,
JO,JO-AQ,
JO,JO-AZ,
JO,JO-MA,
JO,JO-MN,
JP,JP-01,
JP,JP-02,
JP,JP-03,
JP,JP-04,
JP,JP-05,
JP,JP-06,
JP,JP-07,
JP,JP-08,
JP,JP-09,
JP,JP-10,
JP,JP-11,
JP,JP-12,
JP,JP-13,
JP,JP-14,
JP,JP-15,
JP,JP-16,
JP,JP-17,
JP,JP-18,
JP,JP-19,
JP,JP-20,
JP,JP-21,
JP,JP-22,
JP,JP-23,
JP,JP-24,
JP,JP-25,
JP,JP-26,
JP,JP-27,
JP,JP-28,
JP,JP-29,
JP,JP-30,
JP,JP-31,
JP,JP-32,
JP,JP-33,
JP,JP-34,
JP,JP-35,
JP,JP-36,
JP,JP-37,
JP,JP-38,
JP,JP-39,
JP,JP-40,
JP,JP-41,
JP,JP-42,
JP,JP-43,
JP,JP-44,
JP,JP-45,
JP,JP-46,
JP,JP-47,
KE,KE-110,
KE,KE-200,
KE,KE-300,
KE,KE-400,
KE,KE-500,
KE,KE-600,
KE,KE-700,
KE,KE-900,
KE,KE-U-A,
KG,KG-B,
KG,KG-C,
KG,KG-GO,
KG,KG-J,
KG,KG-N,
KG,KG-O,
KG,KG-T,
KG,KG-Y,
KH,KH-10,
KH,KH-11,
KH,KH-12,
KH,KH-13,
KH,KH-15,
KH,KH-16,
KH,KH-17,
KH,KH-18,
KH,KH-19,
KH,KH-2,
KH,KH-3,
KH,KH-4,
KH,KH-7,
KH,KH-8,
KH,KH-9,
KI,KI-G,
KI,KI-L,
KI,KI-P,
KM,KM-A,
KM,KM-G,
KM,KM-M,
KN,KN-U-A,
KP,KP-01,
KP,KP-02,
KP,KP-03,
KP,KP-04,
KP,KP-05,
KP,KP-06,
KP,KP-07,
KP,KP-08,
KP,KP-09,
KP,KP-10,
KP,KP-13,
KR,KR-11,
KR,KR-26,
KR,KR-27,
KR,KR-28,
KR,KR-29,
KR,KR-30,
KR,KR-31,
KR,KR-41,
KR,KR-42,
KR,KR-43,
KR,KR-44,
KR,KR-45,
KR,KR-46,
KR,KR-47,
KR,KR-48,
KR,KR-49,
KW,KW-AH,
KW,KW-FA,
KW,KW-HA,
KW,KW-JA,
KW,KW-KU,
KW,KW-MU,
KY,KY-U-A,
KZ,KZ-AKM,
KZ,KZ-AKT,
KZ,KZ-ALA,
KZ,KZ-ALM,
KZ,KZ-ATY,
KZ,KZ-BAY,
KZ,KZ-KAR,
KZ,KZ-KUS,
KZ,KZ-KZY,
KZ,KZ-MAN,
KZ,KZ-PAV,
KZ,KZ-SEV,
KZ,KZ-VOS,
KZ,KZ-YUZ,
KZ,KZ-ZAP,
KZ,KZ-ZHA,
LA,LA-AT,
LA,LA-BK,
LA,LA-CH,
LA,LA-HO,
LA,LA-KH,
LA,LA-LM,
LA,LA-LP,
LA,LA-OU,
LA,LA-PH,
LA,LA-SL,
LA,LA-SV,
LA,LA-VI,
LA,LA-VT,
LA,LA-XA,
LA,LA-XI,
LB,LB-AS,
LB,LB-BA,
LB,LB-BH,
LB,LB-BI,
LB,LB-JL,
LB,LB-NA,
LC,LC-02,
LC,LC-11,
LI,LI-01,
LI,LI-11,
LK,LK-1,
LK,LK-2,
LK,LK-3,
LK,LK-4,
LK,LK-5,
LK,LK-6,
LK,LK-7,
LR,LR-CM,
LR,LR-GB,
LR,LR-GG,
LR,LR-GK,
LR,LR-LO,
LR,LR-MG,
LR,LR-MO,
LR,LR-MY,
LR,LR-NI,
LR,LR-RI,
LR,LR-SI,
LS,LS-A,
LS,LS-C,
LS,LS-E,
LS,LS-F,
LS,LS-G,
LS,LS-H,
LS,LS-J,
LS,LS-K,
LT,LT-AL,
LT,LT-KL,
LT,LT-KU,
LT,LT-MR,
LT,LT-PN,
LT,LT-SA,
LT,LT-TA,
LT,LT-TE,
LT,LT-U-A,
LT,LT-UT,
LT,LT-VL,
LU,LU-D,
LU,LU-L,
LV,LV-CE,
LV,LV-DA,
LV,LV-DGV,
LV,LV-DO,
LV,LV-JEL,
LV,LV-JK,
LV,LV-JL,
LV,LV-KU,
LV,LV-LE,
LV,LV-LM,
LV,LV-LU,
LV,LV-MA,
LV,LV-OG,
LV,LV-RE,
LV,LV-RI,
LV,LV-RIX,
LV,LV-SA,
LV,LV-TA,
LV,LV-TU,
LV,LV-U-A,
LV,LV-VEN,
LV,LV-VM,
LY,LY-BA,
LY,LY-BU,
LY,LY-DR,
LY,LY-GT,
LY,LY-JA,
LY,LY-JG,
LY,LY-JU,
LY,LY-KF,
LY,LY-MI,
LY,LY-MJ,
LY,LY-MQ,
LY,LY-NL,
LY,LY-NQ,
LY,LY-SB,
LY,LY-SH,
LY,LY-SR,
LY,LY-TB,
LY,LY-WA,
LY,LY-WD,
MA,MA-AGD,
MA,MA-BAH,
MA,MA-BEM,
MA,MA-CAS,
MA,MA-ERR,
MA,MA-ESI,
MA,MA-FES,
MA,MA-FIG,
MA,MA-HOC,
MA,MA-IFR,
MA,MA-JDI,
MA,MA-KEN,
MA,MA-LAA,
MA,MA-MAR,
MA,MA-MEK,
MA,MA-NAD,
MA,MA-OUA,
MA,MA-OUJ,
MA,MA-RBA,
MA,MA-TAR,
MA,MA-TAZ,
MA,MA-TET,
MA,MA-TIZ,
MA,MA-TNG,
MA,MA-TNT,
MC,MC-U-A,
MD,MD-BL,
MD,MD-C,
MD,MD-CG,
MD,MD-CL,
MD,MD-CT,
MD,MD-FR,
MD,MD-RS,
MD,MD-TR,
MD,MD-U-A,
ME,ME-03,
ME,ME-12,
ME,ME-16,
ME,ME-19,
ME,ME-20,
ME,ME-21,
MF,MF-U-A,
MG,MG-A,
MG,MG-D,
MG,MG-F,
MG,MG-M,
MG,MG-T,
MG,MG-U,
MH,MH-ALK,
MH,MH-ALL,
MH,MH-ARN,
MH,MH-AUR,
MH,MH-BIK,
MH,MH-EBO,
MH,MH-ENI,
MH,MH-JAL,
MH,MH-KIL,
MH,MH-KWA,
MH,MH-LAE,
MH,MH-LIK,
MH,MH-MAJ,
MH,MH-MAL,
MH,MH-MEJ,
MH,MH-MIL,
MH,MH-NMK,
MH,MH-NMU,
MH,MH-RON,
MH,MH-UJA,
MH,MH-UTI,
MH,MH-WTJ,
MH,MH-WTN,
MK,MK-001,
MK,MK-002,
MK,MK-003,
MK,MK-004,
MK,MK-005,
MK,MK-007,
MK,MK-U-A,
ML,ML-1,
ML,ML-2,
ML,ML-3,
ML,ML-4,
ML,ML-5,
ML,ML-6,
ML,ML-7,
ML,ML-8,
MM,MM-01,
MM,MM-02,
MM,MM-03,
MM,MM-04,
MM,MM-05,
MM,MM-06,
MM,MM-07,
MM,MM-11,
MM,MM-12,
MM,MM-13,
MM,MM-14,
MM,MM-15,
MM,MM-16,
MM,MM-17,
MN,MN-035,
MN,MN-039,
MN,MN-041,
MN,MN-043,
MN,MN-046,
MN,MN-047,
MN,MN-051,
MN,MN-053,
MN,MN-055,
MN,MN-057,
MN,MN-059,
MN,MN-061,
MN,MN-063,
MN,MN-065,
MN,MN-067,
MN,MN-069,
MN,MN-071,
MN,MN-073,
MN,MN-1,
MO,MO-U-A,
MP,MP-U-A,
MQ,MQ-U-A,
MR,MR-01,
MR,MR-02,
MR,MR-03,
MR,MR-04,
MR,MR-05,
MR,MR-06,
MR,MR-07,
MR,MR-08,
MR,MR-09,
MR,MR-10,
MR,MR-11,
MR,MR-12,
MR,MR-NKC,
MS,MS-U-A,
MT,MT-01,
MT,MT-05,
MT,MT-25,
MT,MT-26,
MT,MT-44,
MT,MT-62,
MU,MU-AG,
MU,MU-GP,
MU,MU-RP,
MU,MU-VP,
MV,MV-01,
MV,MV-03,
MV,MV-05,
MV,MV-08,
MV,MV-13,
MV,MV-17,
MV,MV-20,
MV,MV-23,
MV,MV-24,
MV,MV-25,
MV,MV-27,
MV,MV-28,
MV,MV-29,
MV,MV-MLE,
MW,MW-BL,
MW,MW-CK,
MW,MW-CT,
MW,MW-DE,
MW,MW-KR,
MW,MW-KS,
MW,MW-LI,
MW,MW-LK,
MW,MW-MC,
MW,MW-MG,
MW,MW-MH,
MW,MW-MZ,
MW,MW-NI,
MW,MW-NK,
MW,MW-NS,
MW,MW-RU,
MW,MW-SA,
MW,MW-ZO,
MX,MX-AGU,
MX,MX-BCN,
MX,MX-BCS,
MX,MX-CAM,
MX,MX-CHH,
MX,MX-CHP,
MX,MX-COA,
MX,MX-COL,
MX,MX-DIF,
MX,MX-DUR,
MX,MX-GRO,
MX,MX-GUA,
MX,MX-HID,
MX,MX-JAL,
MX,MX-MEX,
MX,MX-MIC,
MX,MX-MOR,
MX,MX-NAY,
MX,MX-NLE,
MX,MX-OAX,
MX,MX-PUE,
MX,MX-QUE,
MX,MX-ROO,
MX,MX-SIN,
MX,MX-SLP,
MX,MX-SON,
MX,MX-TAB,
MX,MX-TAM,
MX,MX-TLA,
MX,MX-VER,
MX,MX-YUC,
MX,MX-ZAC,
MY,MY-01,
MY,MY-02,
MY,MY-03,
MY,MY-04,
MY,MY-05,
MY,MY-06,
MY,MY-07,
MY,MY-08,
MY,MY-10,
MY,MY-11,
MY,MY-12,
MY,MY-13,
MY,MY-14,
MY,MY-15,
MZ,MZ-A,
MZ,MZ-B,
MZ,MZ-G,
MZ,MZ-I,
MZ,MZ-L,
MZ,MZ-MPM,
MZ,MZ-N,
MZ,MZ-P,
MZ,MZ-Q,
MZ,MZ-S,
MZ,MZ-T,
NA,NA-CA,
NA,NA-ER,
NA,NA-HA,
NA,NA-KA,
NA,NA-KE,
NA,NA-KH,
NA,NA-KU,
NA,NA-KW,
NA,NA-OD,
NA,NA-OH,
NA,NA-ON,
NA,NA-OS,
NA,NA-OT,
NA,NA-OW,
NA,NA-U-A,
NC,NC-U-A,
NE,NE-1,
NE,NE-2,
NE,NE-3,
NE,NE-4,
NE,NE-5,
NE,NE-6,
NE,NE-7,
NE,NE-8,
NF,NF-U-A,
NG,NG-AB,
NG,NG-AD,
NG,NG-AK,
NG,NG-BA,
NG,NG-BE,
NG,NG-BO,
NG,NG-BY,
NG,NG-CR,
NG,NG-DE,
NG,NG-ED,
NG,NG-EK,
NG,NG-EN,
NG,NG-FC,
NG,NG-GO,
NG,NG-IM,
NG,NG-JI,
NG,NG-KD,
NG,NG-KE,
NG,NG-KN,
NG,NG-KO,
NG,NG-KT,
NG,NG-KW,
NG,NG-LA,
NG,NG-NI,
NG,NG-OG,
NG,NG-ON,
NG,NG-OS,
NG,NG-OY,
NG,NG-PL,
NG,NG-RI,
NG,NG-SO,
NG,NG-TA,
NG,NG-ZA,
NI,NI-AN,
NI,NI-AS,
NI,NI-BO,
NI,NI-CI,
NI,NI-CO,
NI,NI-ES,
NI,NI-JI,
NI,NI-LE,
NI,NI-MN,
NI,NI-MT,
NI,NI-RI,
NI,NI-SJ,
NL,NL-DR,
NL,NL-FL,
NL,NL-FR,
NL,NL-GE,
NL,NL-GR,
NL,NL-LI,
NL,NL-NB,
NL,NL-NH,
NL,NL-OV,
NL,NL-U-A,
NL,NL-UT,
NL,NL-ZH,
NL,NL-ZL,
NO,NO-03,
NO,NO-11,
NO,NO-15,
NO,NO-18,
NO,NO-21,
NO,NO-22,
NO,NO-30,
NO,NO-34,
NO,NO-38,
NO,NO-42,
NO,NO-46,
NO,NO-50,
NO,NO-54,
NO,NO-XX,
NP,NP-BA,
NP,NP-BH,
NP,NP-DH,
NP,NP-GA,
NP,NP-JA,
NP,NP-KA,
NP,NP-KO,
NP,NP-LU,
NP,NP-MA,
NP,NP-ME,
NP,NP-NA,
NP,NP-RA,
NP,NP-SA,
NP,NP-SE,
NR,NR-14,
NU,NU-U-A,
NZ,NZ-AUK,
NZ,NZ-BOP,
NZ,NZ-CAN,
NZ,NZ-GIS,
NZ,NZ-HKB,
NZ,NZ-MBH,
NZ,NZ-MWT,
NZ,NZ-NSN,
NZ,NZ-NTL,
NZ,NZ-OTA,
NZ,NZ-STL,
NZ,NZ-TAS,
NZ,NZ-TKI,
NZ,NZ-U-A,
NZ,NZ-WGN,
NZ,NZ-WKO,
NZ,NZ-WTC,
OM,OM-BA,
OM,OM-BU,
OM,OM-DA,
OM,OM-MA,
OM,OM-MU,
OM,OM-SH,
OM,OM-WU,
OM,OM-ZA,
OM,OM-ZU,
PA,PA-1,
PA,PA-10,
PA,PA-2,
PA,PA-3,
PA,PA-4,
PA,PA-5,
PA,PA-6,
PA,PA-7,
PA,PA-8,
PA,PA-9,
PA,PA-KY,
PE,PE-AMA,
PE,PE-ANC,
PE,PE-APU,
PE,PE-ARE,
PE,PE-AYA,
PE,PE-CAJ,
PE,PE-CUS,
PE,PE-HUC,
PE,PE-HUV,
PE,PE-ICA,
PE,PE-JUN,
PE,PE-LAL,
PE,PE-LAM,
PE,PE-LIM,
PE,PE-LOR,
PE,PE-MDD,
PE,PE-MOQ,
PE,PE-PAS,
PE,PE-PIU,
PE,PE-PUN,
PE,PE-SAM,
PE,PE-TAC,
PE,PE-TUM,
PE,PE-UCA,
PF,PF-U-A,
PG,PG-CPK,
PG,PG-CPM,
PG,PG-EBR,
PG,PG-EHG,
PG,PG-EPW,
PG,PG-ESW,
PG,PG-GPK,
PG,PG-HE,
PG,PG-JI,
PG,PG-MBA,
PG,PG-MPL,
PG,PG-MPM,
PG,PG-MRL,
PG,PG-NCD,
PG,PG-NIK,
PG,PG-NPP,
PG,PG-NSB,
PG,PG-SAN,
PG,PG-SHM,
PG,PG-WBK,
PG,PG-WHM,
PG,PG-WPD,
PH,PH-00,
PH,PH-AGN,
PH,PH-AGS,
PH,PH-AKL,
PH,PH-ALB,
PH,PH-ANT,
PH,PH-APA,
PH,PH-AUR,
PH,PH-BAN,
PH,PH-BAS,
PH,PH-BEN,
PH,PH-BIL,
PH,PH-BOH,
PH,PH-BTG,
PH,PH-BTN,
PH,PH-BUK,
PH,PH-BUL,
PH,PH-CAG,
PH,PH-CAM,
PH,PH-CAN,
PH,PH-CAP,
PH,PH-CAS,
PH,PH-CAT,
PH,PH-CAV,
PH,PH-CEB,
PH,PH-COM,
PH,PH-DAO,
PH,PH-DAS,
PH,PH-DAV,
PH,PH-DVO,
PH,PH-EAS,
PH,PH-ILI,
PH,PH-ILN,
PH,PH-ILS,
PH,PH-ISA,
PH,PH-LAG,
PH,PH-LAN,
PH,PH-LAS,
PH,PH-LEY,
PH,PH-LUN,
PH,PH-MAD,
PH,PH-MAG,
PH,PH-MAS,
PH,PH-MDC,
PH,PH-MDR,
PH,PH-MOU,
PH,PH-MSC,
PH,PH-MSR,
PH,PH-NEC,
PH,PH-NER,
PH,PH-NSA,
PH,PH-NUE,
PH,PH-NUV,
PH,PH-PAM,
PH,PH-PAN,
PH,PH-PLW,
PH,PH-QUE,
PH,PH-RIZ,
PH,PH-ROM,
PH,PH-SAR,
PH,PH-SCO,
PH,PH-SIG,
PH,PH-SLE,
PH,PH-SLU,
PH,PH-SOR,
PH,PH-SUK,
PH,PH-SUN,
PH,PH-SUR,
PH,PH-TAR,
PH,PH-TAW,
PH,PH-WSA,
PH,PH-ZAN,
PH,PH-ZAS,
PH,PH-ZMB,
PH,PH-ZSI,
PK,PK-BA,
PK,PK-GB,
PK,PK-JK,
PK,PK-KP,
PK,PK-PB,
PK,PK-SD,
PL,PL-DS,
PL,PL-KP,
PL,PL-LB,
PL,PL-LD,
PL,PL-LU,
PL,PL-MA,
PL,PL-MZ,
PL,PL-OP,
PL,PL-PD,
PL,PL-PK,
PL,PL-PM,
PL,PL-SK,
PL,PL-SL,
PL,PL-U-A,
PL,PL-WN,
PL,PL-WP,
PL,PL-ZP,
PM,PM-ML,
PM,PM-SP,
PR,PR-U-A,
PS,PS-BTH,
PS,PS-JEM,
PS,PS-JEN,
PS,PS-KYS,
PS,PS-NBS,
PS,PS-RFH,
PT,PT-01,
PT,PT-02,
PT,PT-03,
PT,PT-04,
PT,PT-05,
PT,PT-06,
PT,PT-07,
PT,PT-08,
PT,PT-09,
PT,PT-10,
PT,PT-11,
PT,PT-12,
PT,PT-13,
PT,PT-14,
PT,PT-15,
PT,PT-16,
PT,PT-17,
PT,PT-18,
PT,PT-20,
PT,PT-30,
PT,PT-U-A,
PW,PW-004,
PW,PW-010,
PW,PW-350,
PY,PY-1,
PY,PY-10,
PY,PY-11,
PY,PY-12,
PY,PY-13,
PY,PY-14,
PY,PY-15,
PY,PY-16,
PY,PY-19,
PY,PY-2,
PY,PY-3,
PY,PY-4,
PY,PY-5,
PY,PY-7,
PY,PY-8,
PY,PY-9,
QA,QA-DA,
QA,QA-KH,
QA,QA-RA,
QA,QA-SH,
QA,QA-WA,
RE,RE-U-A,
RO,RO-AB,
RO,RO-AG,
RO,RO-AR,
RO,RO-B,
RO,RO-BC,
RO,RO-BH,
RO,RO-BN,
RO,RO-BR,
RO,RO-BV,
RO,RO-BZ,
RO,RO-CJ,
RO,RO-CS,
RO,RO-CT,
RO,RO-DB,
RO,RO-DJ,
RO,RO-GJ,
RO,RO-GL,
RO,RO-GR,
RO,RO-HR,
RO,RO-IL,
RO,RO-IS,
RO,RO-MH,
RO,RO-MM,
RO,RO-MS,
RO,RO-NT,
RO,RO-OT,
RO,RO-PH,
RO,RO-SB,
RO,RO-SJ,
RO,RO-SM,
RO,RO-SV,
RO,RO-TL,
RO,RO-TM,
RO,RO-TR,
RS,RS-00,
RS,RS-01,
RS,RS-02,
RS,RS-04,
RS,RS-05,
RS,RS-06,
RS,RS-07,
RS,RS-08,
RS,RS-09,
RS,RS-10,
RS,RS-11,
RS,RS-12,
RS,RS-14,
RS,RS-16,
RS,RS-17,
RS,RS-18,
RS,RS-19,
RS,RS-20,
RS,RS-21,
RS,RS-23,
RU,RU-AD,
RU,RU-AL,
RU,RU-ALT,
RU,RU-AMU,
RU,RU-ARK,
RU,RU-AST,
RU,RU-BA,
RU,RU-BEL,
RU,RU-BRY,
RU,RU-BU,
RU,RU-CE,
RU,RU-CHE,
RU,RU-CHI,
RU,RU-CHU,
RU,RU-CU,
RU,RU-DA,
RU,RU-IN,
RU,RU-IRK,
RU,RU-IVA,
RU,RU-KAM,
RU,RU-KB,
RU,RU-KC,
RU,RU-KDA,
RU,RU-KEM,
RU,RU-KGD,
RU,RU-KGN,
RU,RU-KHA,
RU,RU-KHM,
RU,RU-KIR,
RU,RU-KK,
RU,RU-KL,
RU,RU-KLU,
RU,RU-KO,
RU,RU-KOS,
RU,RU-KR,
RU,RU-KRS,
RU,RU-KYA,
RU,RU-LEN,
RU,RU-LIP,
RU,RU-MAG,
RU,RU-ME,
RU,RU-MO,
RU,RU-MOS,
RU,RU-MOW,
RU,RU-MUR,
RU,RU-NEN,
RU,RU-NGR,
RU,RU-NIZ,
RU,RU-NVS,
RU,RU-OMS,
RU,RU-ORE,
RU,RU-ORL,
RU,RU-PER,
RU,RU-PNZ,
RU,RU-PRI,
RU,RU-PSK,
RU,RU-ROS,
RU,RU-RYA,
RU,RU-SA,
RU,RU-SAK,
RU,RU-SAM,
RU,RU-SAR,
RU,RU-SE,
RU,RU-SMO,
RU,RU-SPE,
RU,RU-STA,
RU,RU-SVE,
RU,RU-TA,
RU,RU-TAM,
RU,RU-TOM,
RU,RU-TUL,
RU,RU-TVE,
RU,RU-TY,
RU,RU-TYU,
RU,RU-UD,
RU,RU-ULY,
RU,RU-VGG,
RU,RU-VLA,
RU,RU-VLG,
RU,RU-VOR,
RU,RU-YAN,
RU,RU-YAR,
RU,RU-YEV,
RW,RW-01,
RW,RW-02,
RW,RW-03,
RW,RW-04,
RW,RW-05,
SA,SA-01,
SA,SA-02,
SA,SA-03,
SA,SA-04,
SA,SA-05,
SA,SA-06,
SA,SA-07,
SA,SA-08,
SA,SA-09,
SA,SA-10,
SA,SA-11,
SA,SA-12,
SA,SA-14,
SB,SB-CE,
SB,SB-CH,
SB,SB-GU,
SB,SB-IS,
SB,SB-MK,
SB,SB-ML,
SB,SB-RB,
SB,SB-TE,
SB,SB-WE,
SC,SC-14,
SC,SC-15,
SC,SC-18,
SC,SC-20,
SC,SC-21,
SC,SC-U-A,
SD,SD-01,
SD,SD-02,
SD,SD-03,
SD,SD-04,
SD,SD-05,
SD,SD-06,
SD,SD-07,
SD,SD-08,
SD,SD-09,
SD,SD-11,
SD,SD-12,
SD,SD-13,
SD,SD-24,
SD,SD-25,
SD,SD-26,
SD,SD-DE,
SE,SE-AB,
SE,SE-AC,
SE,SE-BD,
SE,SE-C,
SE,SE-D,
SE,SE-E,
SE,SE-F,
SE,SE-G,
SE,SE-H,
SE,SE-I,
SE,SE-K,
SE,SE-M,
SE,SE-N,
SE,SE-Q,
SE,SE-S,
SE,SE-T,
SE,SE-U,
SE,SE-W,
SE,SE-X,
SE,SE-Y,
SE,SE-Z,
SG,SG-01,
SG,SG-02,
SG,SG-03,
SG,SG-04,
SG,SG-05,
SH,SH-AC,
SH,SH-SH,
SH,SH-TA,
SI,SI-001,
SI,SI-003,
SI,SI-006,
SI,SI-009,
SI,SI-011,
SI,SI-013,
SI,SI-019,
SI,SI-025,
SI,SI-039,
SI,SI-043,
SI,SI-048,
SI,SI-050,
SI,SI-058,
SI,SI-059,
SI,SI-060,
SI,SI-061,
SI,SI-070,
SI,SI-073,
SI,SI-078,
SI,SI-080,
SI,SI-083,
SI,SI-085,
SI,SI-090,
SI,SI-094,
SI,SI-096,
SI,SI-100,
SI,SI-104,
SI,SI-112,
SI,SI-114,
SI,SI-124,
SI,SI-126,
SI,SI-142,
SI,SI-153,
SI,SI-174,
SI,SI-188,
SI,SI-189,
SK,SK-BC,
SK,SK-BL,
SK,SK-KI,
SK,SK-NJ,
SK,SK-PV,
SK,SK-TA,
SK,SK-TC,
SK,SK-U-A,
SK,SK-ZI,
SL,SL-E,
SL,SL-N,
SL,SL-S,
SL,SL-W,
SM,SM-03,
SM,SM-06,
SN,SN-DK,
SN,SN-FK,
SN,SN-KD,
SN,SN-LG,
SN,SN-MT,
SN,SN-SL,
SN,SN-TC,
SN,SN-TH,
SN,SN-ZG,
SO,SO-BN,
SO,SO-BR,
SO,SO-BY,
SO,SO-GA,
SO,SO-GE,
SO,SO-HI,
SO,SO-JH,
SO,SO-MU,
SO,SO-NU,
SO,SO-SA,
SO,SO-SH,
SO,SO-TO,
SO,SO-WO,
SR,SR-BR,
SR,SR-CR,
SR,SR-MA,
SR,SR-NI,
SR,SR-PM,
SR,SR-PR,
SR,SR-SA,
SR,SR-SI,
SS,SS-14,
SS,SS-15,
SS,SS-16,
SS,SS-17,
SS,SS-18,
SS,SS-19,
SS,SS-20,
SS,SS-21,
SS,SS-22,
SS,SS-23,
ST,ST-01,
ST,ST-03,
ST,ST-P,
SV,SV-AH,
SV,SV-CU,
SV,SV-LI,
SV,SV-MO,
SV,SV-PA,
SV,SV-SA,
SV,SV-SM,
SV,SV-SO,
SV,SV-SS,
SV,SV-SV,
SV,SV-UN,
SV,SV-US,
SX,SX-U-A,
SY,SY-DI,
SY,SY-DY,
SY,SY-HA,
SY,SY-HI,
SY,SY-HL,
SY,SY-HM,
SY,SY-ID,
SY,SY-LA,
SY,SY-QU,
SY,SY-RA,
SY,SY-RD,
SY,SY-SU,
SZ,SZ-HH,
SZ,SZ-LU,
SZ,SZ-MA,
SZ,SZ-SH,
TC,TC-AC,
TC,TC-GT,
TC,TC-MC,
TC,TC-NC,
TC,TC-PN,
TC,TC-PR,
TC,TC-SC,
TC,TC-SL,
TC,TC-WC,
TD,TD-BA,
TD,TD-BET,
TD,TD-BI,
TD,TD-CB,
TD,TD-GR,
TD,TD-KA,
TD,TD-LC,
TD,TD-LO,
TD,TD-LR,
TD,TD-MC,
TD,TD-MK,
TD,TD-OD,
TD,TD-SA,
TD,TD-TA,
TF,TF-U-A,
TG,TG-C,
TG,TG-K,
TG,TG-M,
TG,TG-P,
TG,TG-S,
TH,TH-10,
TH,TH-12,
TH,TH-13,
TH,TH-16,
TH,TH-20,
TH,TH-21,
TH,TH-22,
TH,TH-23,
TH,TH-24,
TH,TH-25,
TH,TH-26,
TH,TH-30,
TH,TH-31,
TH,TH-32,
TH,TH-34,
TH,TH-40,
TH,TH-41,
TH,TH-42,
TH,TH-45,
TH,TH-47,
TH,TH-48,
TH,TH-50,
TH,TH-51,
TH,TH-52,
TH,TH-53,
TH,TH-54,
TH,TH-55,
TH,TH-56,
TH,TH-57,
TH,TH-58,
TH,TH-60,
TH,TH-63,
TH,TH-64,
TH,TH-65,
TH,TH-67,
TH,TH-70,
TH,TH-72,
TH,TH-74,
TH,TH-76,
TH,TH-77,
TH,TH-80,
TH,TH-81,
TH,TH-83,
TH,TH-84,
TH,TH-85,
TH,TH-86,
TH,TH-90,
TH,TH-91,
TH,TH-92,
TH,TH-94,
TH,TH-96,
TJ,TJ-GB,
TJ,TJ-KT,
TJ,TJ-RR,
TJ,TJ-SU,
TL,TL-BA,
TL,TL-BO,
TL,TL-CO,
TL,TL-DI,
TL,TL-LA,
TL,TL-OE,
TL,TL-VI,
TM,TM-A,
TM,TM-B,
TM,TM-D,
TM,TM-L,
TM,TM-M,
TN,TN-11,
TN,TN-13,
TN,TN-23,
TN,TN-32,
TN,TN-51,
TN,TN-52,
TN,TN-61,
TN,TN-71,
TN,TN-72,
TN,TN-81,
TN,TN-82,
TN,TN-83,
TO,TO-01,
TO,TO-02,
TO,TO-03,
TO,TO-04,
TO,TO-05,
TR,TR-01,
TR,TR-02,
TR,TR-03,
TR,TR-04,
TR,TR-05,
TR,TR-06,
TR,TR-07,
TR,TR-09,
TR,TR-10,
TR,TR-12,
TR,TR-13,
TR,TR-14,
TR,TR-16,
TR,TR-17,
TR,TR-20,
TR,TR-21,
TR,TR-22,
TR,TR-23,
TR,TR-24,
TR,TR-25,
TR,TR-26,
TR,TR-27,
TR,TR-29,
TR,TR-30,
TR,TR-31,
TR,TR-32,
TR,TR-33,
TR,TR-34,
TR,TR-35,
TR,TR-36,
TR,TR-37,
TR,TR-38,
TR,TR-39,
TR,TR-41,
TR,TR-42,
TR,TR-43,
TR,TR-44,
TR,TR-45,
TR,TR-46,
TR,TR-47,
TR,TR-48,
TR,TR-49,
TR,TR-50,
TR,TR-51,
TR,TR-52,
TR,TR-53,
TR,TR-54,
TR,TR-55,
TR,TR-56,
TR,TR-57,
TR,TR-58,
TR,TR-59,
TR,TR-60,
TR,TR-61,
TR,TR-63,
TR,TR-64,
TR,TR-65,
TR,TR-67,
TR,TR-68,
TR,TR-71,
TR,TR-72,
TR,TR-73,
TR,TR-74,
TR,TR-76,
TR,TR-77,
TR,TR-79,
TR,TR-80,
TT,TT-CTT,
TT,TT-TUP,
TT,TT-WTO,
TV,TV-FUN,
TV,TV-NKF,
TV,TV-NMA,
TW,TW-CYQ,
TW,TW-HSZ,
TW,TW-HUA,
TW,TW-ILA,
TW,TW-KEE,
TW,TW-KHH,
TW,TW-MIA,
TW,TW-NAN,
TW,TW-PEN,
TW,TW-PIF,
TW,TW-TAO,
TW,TW-TNN,
TW,TW-TNQ,
TW,TW-TPE,
TW,TW-TPQ,
TW,TW-TTT,
TW,TW-TXG,
TW,TW-X-KM,
TW,TW-X-LK,
TW,TW-YUN,
TZ,TZ-01,
TZ,TZ-02,
TZ,TZ-03,
TZ,TZ-04,
TZ,TZ-05,
TZ,TZ-07,
TZ,TZ-08,
TZ,TZ-09,
TZ,TZ-12,
TZ,TZ-13,
TZ,TZ-14,
TZ,TZ-16,
TZ,TZ-17,
TZ,TZ-18,
TZ,TZ-19,
TZ,TZ-20,
TZ,TZ-21,
TZ,TZ-22,
TZ,TZ-23,
TZ,TZ-24,
TZ,TZ-25,
TZ,TZ-26,
UA,UA-05,
UA,UA-07,
UA,UA-09,
UA,UA-12,
UA,UA-14,
UA,UA-18,
UA,UA-19,
UA,UA-21,
UA,UA-23,
UA,UA-26,
UA,UA-30,
UA,UA-32,
UA,UA-35,
UA,UA-40,
UA,UA-43,
UA,UA-46,
UA,UA-48,
UA,UA-51,
UA,UA-53,
UA,UA-56,
UA,UA-59,
UA,UA-61,
UA,UA-63,
UA,UA-65,
UA,UA-68,
UA,UA-71,
UA,UA-74,
UA,UA-77,
UG,UG-C,
UG,UG-E,
UG,UG-N,
UG,UG-W,
UM,UM-67,Johnston Atoll
UM,UM-71,Midway Islands
UM,UM-71,Eastern Island
UM,UM-76,Navassa Island
UM,UM-79,Wake Island
UM,UM-81,Baker Island
UM,UM-84,Howland Island
UM,UM-86,Jarvis Island
UM,UM-89,Kingman Reef
UM,UM-95,Palmyra Island Atoll
US,US-AK,Alaska
US,US-AL,Alabama
US,US-AR,Arkansas
US,US-AZ,Arizona
US,US-CA,California
US,US-CO,Colorado
US,US-CT,Connecticut
US,US-DC,District of Columbia
US,US-DE,Delaware
US,US-FL,Florida
US,US-GA,Georgia
US,US-HI,Hawaii
US,US-IA,Iowa
US,US-ID,Idaho
US,US-IL,Illinois
US,US-IN,Indiana
US,US-KS,Kansas
US,US-KY,Kentucky
US,US-LA,Louisiana
US,US-MA,Massachusetts
US,US-MD,Maryland
US,US-ME,Maine
US,US-MI,Michigan
US,US-MN,Minnesota
US,US-MO,Missouri
US,US-MS,Mississippi
US,US-MT,Montana
US,US-NC,North Carolina
US,US-ND,North Dakota
US,US-NE,Nebraska
US,US-NH,New Hampshire
US,US-NJ,New Jersey
US,US-NM,New Mexico
US,US-NV,Nevada
US,US-NY,New York
US,US-OH,Ohio
US,US-OK,Oklahoma
US,US-OR,Oregon
US,US-PA,Pennsylvania
US,US-RI,Rhode Island
US,US-SC,South Carolina
US,US-SD,South Dakota
US,US-TN,Tennessee
US,US-TX,Texas
US,US-UT,Utah
US,US-VA,Virginia
US,US-VT,Vermont
US,US-WA,Washington
US,US-WI,Wisconsin
US,US-WV,West Virginia
US,US-WY,Wyoming
UY,UY-AR,
UY,UY-CA,
UY,UY-CL,
UY,UY-CO,
UY,UY-DU,
UY,UY-FD,
UY,UY-FS,
UY,UY-LA,
UY,UY-MA,
UY,UY-MO,
UY,UY-PA,
UY,UY-RN,
UY,UY-RO,
UY,UY-RV,
UY,UY-SA,
UY,UY-SJ,
UY,UY-SO,
UY,UY-TA,
UY,UY-TT,
UZ,UZ-AN,
UZ,UZ-BU,
UZ,UZ-FA,
UZ,UZ-JI,
UZ,UZ-NG,
UZ,UZ-NW,
UZ,UZ-QA,
UZ,UZ-QR,
UZ,UZ-SA,
UZ,UZ-SI,
UZ,UZ-SU,
UZ,UZ-TO,
UZ,UZ-XO,
VA,VA-U-A,
VC,VC-04,
VC,VC-06,
VE,VE-A,
VE,VE-B,
VE,VE-C,
VE,VE-D,
VE,VE-E,
VE,VE-F,
VE,VE-G,
VE,VE-H,
VE,VE-I,
VE,VE-J,
VE,VE-K,
VE,VE-L,
VE,VE-M,
VE,VE-N,
VE,VE-O,
VE,VE-P,
VE,VE-R,
VE,VE-S,
VE,VE-T,
VE,VE-U,
VE,VE-V,
VE,VE-W,
VE,VE-X,
VE,VE-Y,
VE,VE-Z,
VG,VG-U-A,
VI,VI-U-A,
VN,VN-01,
VN,VN-02,
VN,VN-05,
VN,VN-06,
VN,VN-07,
VN,VN-13,
VN,VN-21,
VN,VN-23,
VN,VN-24,
VN,VN-26,
VN,VN-28,
VN,VN-29,
VN,VN-30,
VN,VN-31,
VN,VN-33,
VN,VN-34,
VN,VN-35,
VN,VN-39,
VN,VN-40,
VN,VN-43,
VN,VN-44,
VN,VN-47,
VN,VN-49,
VN,VN-52,
VN,VN-54,
VN,VN-56,
VN,VN-59,
VN,VN-60,
VN,VN-61,
VN,VN-64,
VU,VU-MAP,
VU,VU-PAM,
VU,VU-SAM,
VU,VU-SEE,
VU,VU-TAE,
VU,VU-TOB,
WF,WF-U-A,
WS,WS-AA,
WS,WS-FA,
WS,WS-PA,
WS,WS-TU,
WS,WS-VS,
XK,XK-01,
XK,XK-03,
XK,XK-04,
XK,XK-05,
XK,XK-06,
XK,XK-07,
YE,YE-AB,
YE,YE-AD,
YE,YE-BA,
YE,YE-DA,
YE,YE-HD,
YE,YE-HU,
YE,YE-JA,
YE,YE-LA,
YE,YE-MA,
YE,YE-MR,
YE,YE-MU,
YE,YE-SD,
YE,YE-SH,
YE,YE-SN,
YE,YE-TA,
YT,YT-U-A,
ZA,ZA-EC,
ZA,ZA-FS,
ZA,ZA-GT,
ZA,ZA-MP,
ZA,ZA-NC,
ZA,ZA-NL,
ZA,ZA-NP,
ZA,ZA-NW,
ZA,ZA-U-A,
ZA,ZA-WC,
ZM,ZM-01,
ZM,ZM-02,
ZM,ZM-03,
ZM,ZM-04,
ZM,ZM-05,
ZM,ZM-06,
ZM,ZM-07,
ZM,ZM-08,
ZM,ZM-09,
ZM,ZM-U-A,
ZW,ZW-BU,
ZW,ZW-HA,
ZW,ZW-MA,
ZW,ZW-MC,
ZW,ZW-ME,
ZW,ZW-MI,
ZW,ZW-MN,
ZW,ZW-MS,
ZW,ZW-MV,
ZW,ZW-MW,
GT,,
GR,,
AD,,